Clinic,Link,Doctor
Antheia Gynecology,http://www.antheiagyn.com,Helen Simigiannis
"Joan Berman, M.D.",/EMAIL%3A%20jberman%40joanbermanmd.com,Joan  K Berman
ZoeMed Womens Health Clinic,http://www.zoemed.ca,Ejibunmi O Adetola
Advanced Gynecology and Laparoscopy of North Jersey,http://www.advancedgynnj.com,Shaghayegh M DeNoble
Griffin Faculty Physicians,http://www.griffinfacultyphysicians.org,Grace Biggs
"Inga Zilberstein, M.D., P.L.L.C.",http://ob-gyn-nyc.com,Inga Zilberstein
Anteros Medical, ,Melissa  Ferrara
"Hyeeun Kwon, MD", ,Hyeeun Kwon
Vibrant Life Medicine,http://www.vibrantlifemedicine.com,Erica Y Song
Every Woman Wellness,http://www.everywomanwellness.com,"Monica Simons, Juana L Cuevas"
Spring OB/GYN,http://www.springobgyn.com,Heidi Flagg
Dr Miriam Greene, ,Miriam Greene
New York Physicians,http://www.melaniemarinmd.com,Melanie  Marin
"L. Pat Robinson, MD",http://www.drpatrobinson.com,"Melissa Weinstein, Pat  Robinson, Jennifer Walsh"
"Dr. Vincent R Lucente, MD", ,Vincent  Lucente
Summit Medical Group,http://summitmedicalgroup.com,"Michael Milano, Doreen DeGraaff, Tammy  Hamilton, Theodore Cohen, Linda Luisi-Purdue, Lisa Hayes, Neil  Russo, Stephen E. Crane"
"Female Sexual Medicine of Long Island, PC",http://sexualmedicineLI.com,Johanna C Figueroa
Princeton Urogynecology,http://www.princetonurogyn.com,"Nina Bhatia, Heather van Raalte"
The KôR MediSpa,http://www.kormedispa.com,Rehana Sajjad
"Alexandros Giannakakos, MD", ,Alexandros  Giannakakos
"Dr. Judith W Schwartz, MD", ,Judith  Schwartz
NJ Gynecologic Institute - Dr. Maria Keanchong,http://www.newjerseygynsurgery.com,Maria R Keanchong
Total Urology Care of New York,https://www.totalurologycare.com,"Leonard  Glickman, Elizabeth  A Kavaler"
New Jersey Urologic Institute,http://www.njurologic.com,Betsy A.B Greenleaf
Women's Pelvic Surgery of North Jersey,http://www.womenspelvicsurgery.com,Khashayar  Shakiba
Mona Lisa Touch Specialists  Upper East Side NYC Dr Lee Ellen Morrone & Dr Karen Kirsch,http://www.morronekirschnycobgyn.com,"Dr Karen Kirsch, Dr. Lee Ellen Morrone"
"AFA Obstetrics & Gynecology, P.C", ,Ingrid  Balcomb
Women's Center for OB-GYN, ,Anita Chait
Celine Aesthetic Medicine & Laser Lipoplasty,http://Caestheticmed.com,William Anyaegbunam
Sensolia,http://www.sensolia.ca,"Francois  Beaudoin, Élise Dubuc, Nathalie  Leroux, Andrée Sansregret"
"Janis L. Enzenbacher, MD.",http://www.drjanisenzenbacher.com,"Isadora Guggenheim, Janis L. ENZENBACHER"
"Dr. Elizabeth A Poynor MD, PHD, FACOG",http://www.poynorhealthnewyork.com/,Elizabeth  Poynor
Namaste Laser Center & Spa,http://www.namastelaserspa.com,Jerrold  M Snyder
Obstetrical Associates,http://www.myobassociates.com/,Stephen Gagliardi
Center for Urogynecology and Recunstructive Pelvic Surgery,http://www.urogynnj.com,Manish Gopal
Womens Health Care,http://bellucci-gyn-menopausesolutions.com,Mitchell J. Bellucci
New Jersey Women's Wellness Center,http://www.cindyparnesmd.com,Cindy Parnes
Park Avenue Women's Center,http://www.parkavenuewomenscenter.com/,"Gila Leiter, Shari L Leipzig, Douglas Moss"
Dr. Tracey Fein MD, ,Tracey Fein
DaVinci Skin Care Center,http://DavinciSkinCarCenter.com,Maria Sophocles
Women's Wellness Comprehensive Care,http://www.womenswellnesscare.com,Anne M Rainville
Center for Women's Health of Montgomery County,http://Montcowomenshealth.com,Donald J DeBrakeleer
WOMEN'S HEALTH CARE OF GARDEN CITY,http://www.monalisatouchlongisland.com,JOHN L. GOMES
Total Woman Health & Wellness OBGYN,http://totalwomanobgyn.com,"Gary  D Ott, Krista Dankiw-Ludwig, Maria A Tucker, Jessica N Williams"
"Women's Healthcare of Princeton, LLC",http://www.princetongyn.com,"Susan Kellogg Spadt, Maria  E Sophocles"
HSMF Women's Care,http://hsmfwomenscare.com/,"Martina Frandina, Hera Sambaziotis"
"New England Reproductive Medicine and Surgery, LLC",http://www.nermas.com,Brian M Clark
UCA Lawrenceville,http://www.ucalawrenceville.com,"Russell Freid, Michael Cohen, Gary Karlin, Jarad  Fingerman"
"Dr. Montanarella & Associates, PA",http://www.drmontanarella.com,Mary Jo Montanarella
Amber Medical Spa,http://www.ambermedicalspa.com,"Ray Mercado, Patria Gonzalez"
Revive , ,"Robert A Salk, Marylin M Powers, Bethany Wortman"
"Bergen Aesthetics, LLC",http://www.newjerseysmartlipo.com,Heripsime Ohanian
Gae Rodke MD, ,Gae Rodke
Dr Barbara Plucknett,http://drbarbaraplucknett.com,Barbara Plucknett
"Alvin Berman,  M.D., P.C., F.A.C.O.G.", ,
Advanced Urology Centers of New York -White Plains Maple Avenue,http://www.aucofny.com,"Aaron H Greenberg, Nicole Fleischmann"
Advanced Urology Manhasset Division,http://www.AUCofNY.com,Sarah K Girardi
Dr. Debra J Werner, ,Debra Werner
"Monica Grover, DO",http://www.doctormonicagrover.com,Monica Grover
The Center for Specialized Women's Health,http://www.specializedwomenshealth.com,Michael S Ingber
"Urology and Pelvic Health, PLLC",http://www.urologyandpelvichealth.com/,Johanna C Figueroa
"Plymouth Bay Urology, Div of Greater Boston Urology",http://greaterbostonurology.com,Craig Gillard
"Women's Specialists of Bucks County, P.C.",http://www.wsofbc.com,"Jesmin Mitra, Jay S Rothberg, Anil Nerurkar, Trish Kennedy, Jerrold M Snyder, Richard L Turner, Tracy Cook, Charlotte Dorko"
Manhattan Center for Gynecology,http://manhattancenterforgynecology.com,Ronald D Blatt
New York Fertility Services,http://www.newyorkfertilityservices.com,Teresa H Randolph
Mindful Midwifery & Integrative Obstetrics,http://www.njmidwifery.com/about-us/,Briza Walter
Maryellen Romano MD,http://www.maryellenromanomd.com,Maryellen  Romano
Dr. Gary S. Kasten,http://www.garykasten.com,Gary S Kasten
"ALBERT C. CHAN, M.D.", ,ALBERT C CHAN
Dena Harris MD,http://www.sohogynecology.com,Dena Harris
"JOHN PACIUC  M.D., F.A.C.O.G.", ,John  Paciuc
Horizons Health and Wellness,http://www.horizonshealthandwellness.com,"Rebecca Souza, Angela N Aslami"
Women's Center for Integrative Health,http://www.wcihnj.com,Andrea N Price
"Seasons of Life Obstetrics and Gynecology, PC",http://www.seasonsoflifeobgyn.com,"Stephanie  B Eckert, Mary P Greiss-Coult"
"Cynthia L. Krause, M.D., P.C.",http://ckrausemd.com,Cynthia L. Krause
"Jill Fishbane-Mayer, M.D.", ,Jill Fishbane-Mayer
VM Medical Group,http://www.vmmed.com,Lorraine Dontigny
"Sharon B. Diamond, MD",http://www.sharondiamondmd.com,Sharon B. Diamond
"Wendy R. Hurst, MD, LLC",http://www.wendyhurstmd.com,Wendy  R Hurst
NYU Urology Associates at NYU Langone Medical Center,http://nyulangone.org/doctors/1003800806/victor-w-nitti,"Benjamin M. Brucker, Scott W. Smilen, Victor W. Nitti, Nirit  Rosenblum, Kimberly L Ferrante"
Kathleen M Thomsen MD MPH Inc,http://drkatethomsen.com,Kathleen Thomsen
Dr. Hing-Sang Hum, ,Hing-Sang  Hum
