Clinic,Link,Doctor
Advanced Gynecology and Laparoscopy of North Jersey,http://www.advancedgynnj.com,Shaghayegh M DeNoble
"Dr. Elizabeth A Poynor MD, PHD, FACOG",http://www.poynorhealthnewyork.com/,Elizabeth  Poynor
Anteros Medical, ,Melissa  Ferrara
"Hyeeun Kwon, MD", ,Hyeeun Kwon
Vibrant Life Medicine,http://www.vibrantlifemedicine.com,Erica Y Song
Dr Miriam Greene, ,Miriam Greene
New York Physicians,http://www.melaniemarinmd.com,Melanie  Marin
"Dr. Vincent R Lucente, MD", ,Vincent  Lucente
"Female Sexual Medicine of Long Island, PC",http://sexualmedicineLI.com,Johanna C Figueroa
The KôR MediSpa,http://www.kormedispa.com,Rehana Sajjad
New Jersey Urologic Institute,http://www.njurologic.com,Betsy A.B Greenleaf
Total Urology Care of New York,https://www.totalurologycare.com,"Leonard  Glickman, Elizabeth  A Kavaler"
"Women's Healthcare of Princeton, LLC",http://www.princetongyn.com,"Susan Kellogg Spadt, Maria  E Sophocles"
Advocare Epstein Gynecology Associates,http://www.advocareepsteingyn.com,Debra Epstein
Celine Aesthetic Medicine & Laser Lipoplasty,http://Caestheticmed.com,William Anyaegbunam
Center for Urogynecology and Recunstructive Pelvic Surgery,http://www.urogynnj.com,Manish Gopal
New York Fertility Services,http://www.newyorkfertilityservices.com,Teresa H Randolph
"Wendy R. Hurst, MD, LLC",http://www.wendyhurstmd.com,Wendy  R Hurst
New Jersey Women's Wellness Center,http://www.cindyparnesmd.com,Cindy Parnes
Dr. Darlene Gaynor,http://www.mainlinefemaleurology.com,Darlene M Gaynor-Krupnick
DaVinci Skin Care Center,http://DavinciSkinCarCenter.com,Maria Sophocles
Antheia Gynecology,http://www.antheiagyn.com,Helen Simigiannis
HSMF Women's Care,http://hsmfwomenscare.com/,"Martina Frandina, Hera Sambaziotis"
Spring OB/GYN,http://www.springobgyn.com,Heidi Flagg
Drexel University Vaginitis Center,http://www.drexelmedicine.org/patient-services/obstetrics-and-gynecology/vaginitis-center/,Paul Nyirjesy
Revive , ,"Robert A Salk, Marylin M Powers, Bethany Wortman"
"All About Women, PA",http://www.aawdocs.com,"Helen McCullough, Dina Anderson, Christine Maynard, Karen Earl, Joanne Goshow-Harris, Molly Larkin, Heike Kuehn, Regina Smith"
Advanced Urology Centers of New York -White Plains Maple Avenue,http://www.aucofny.com,"Aaron H Greenberg, Nicole Fleischmann"
North Dover Ob-Gyn Associates,http://monalisatouchnorthdover.com,John R. J. Sutherland
"Alexandros Giannakakos, MD", ,Alexandros  Giannakakos
"Dr. Judith W Schwartz, MD", ,Judith  Schwartz
Bala Wellness & Aesthetics,http://balarestore.com/sculpsure/,Paul Gittens
"Urology and Pelvic Health, PLLC",http://www.urologyandpelvichealth.com/,Johanna C Figueroa
Mindful Midwifery & Integrative Obstetrics,http://www.njmidwifery.com/about-us/,Briza Walter
Maryellen Romano MD,http://www.maryellenromanomd.com,Maryellen  Romano
The Center for Specialized Women's Health,http://www.specializedwomenshealth.com,Michael S Ingber
Dena Harris MD,http://www.sohogynecology.com,Dena Harris
"ALBERT C. CHAN, M.D.", ,ALBERT C CHAN
Philadelphia Center for Sexual Medicine,http://www.philadelphiasexualmedicine.com/mona-lisa-touch,Paul Gittens
UCA Lawrenceville,http://www.ucalawrenceville.com,"Russell Freid, Michael Cohen, Gary Karlin, Jarad  Fingerman"
NYU Urology Associates at NYU Langone Medical Center,http://nyulangone.org/doctors/1003800806/victor-w-nitti,"Benjamin M. Brucker, Scott W. Smilen, Victor W. Nitti, Nirit  Rosenblum, Kimberly L Ferrante"
Kathleen M Thomsen MD MPH Inc,http://drkatethomsen.com,Kathleen Thomsen
Women's Center for Integrative Health,http://www.wcihnj.com,Andrea N Price
Grube Gynecology Healthy Hormones,https://www.vitadox.com/frackville/pa/17931/timothy-grube-do.html,Timothy G Grube
"L. Pat Robinson, MD",http://www.drpatrobinson.com,"Melissa Weinstein, Pat  Robinson, Jennifer Walsh"
Dr. Tracey Fein MD, ,Tracey Fein
Every Woman Wellness,http://www.everywomanwellness.com,"Monica Simons, Juana L Cuevas"
Advocare Premier Ob Gyn of South Jersey,http://www.advocarepremierobgyn.com,"Roberta  S Felsenstein, Jessica S Conroy, Eric  B Grossman, Bobbi  S Milligan"
First State Women's Care,http://www.firststatewomenscare.com,"Gregory W DeMeo, Alexander L Kirifides, Gordon J Ostrum, Lindsey M Davis, Stefanie N Marshall"
Women for Women,http://www.womenforwomenobgynpa.com,Jane Porcelan
Summit Medical Group,http://summitmedicalgroup.com,"Michael Milano, Doreen DeGraaff, Tammy  Hamilton, Theodore Cohen, Linda Luisi-Purdue, Lisa Hayes, Neil  Russo, Stephen E. Crane"
Griffin Faculty Physicians,http://www.griffinfacultyphysicians.org,Grace Biggs
Princeton Urogynecology,http://www.princetonurogyn.com,"Nina Bhatia, Heather van Raalte"
NJ Gynecologic Institute - Dr. Maria Keanchong,http://www.newjerseygynsurgery.com,Maria R Keanchong
Women's Pelvic Surgery of North Jersey,http://www.womenspelvicsurgery.com,Khashayar  Shakiba
"Christine Wu, MD PA", ,Christine Wu
Mona Lisa Touch Specialists  Upper East Side NYC Dr Lee Ellen Morrone & Dr Karen Kirsch,http://www.morronekirschnycobgyn.com,"Dr Karen Kirsch, Dr. Lee Ellen Morrone"
Women's Center for OB-GYN, ,Anita Chait
"Janis L. Enzenbacher, MD.",http://www.drjanisenzenbacher.com,"Isadora Guggenheim, Janis L. ENZENBACHER"
"Inga Zilberstein, M.D., P.L.L.C.",http://ob-gyn-nyc.com,Inga Zilberstein
Namaste Laser Center & Spa,http://www.namastelaserspa.com,Jerrold  M Snyder
Park Avenue Women's Center,http://www.parkavenuewomenscenter.com/,"Gila Leiter, Shari L Leipzig, Douglas Moss"
"Joan Berman, M.D.",/EMAIL%3A%20jberman%40joanbermanmd.com,Joan  K Berman
WOMEN'S HEALTH CARE OF GARDEN CITY,http://www.monalisatouchlongisland.com,JOHN L. GOMES
Total Woman Health & Wellness OBGYN,http://totalwomanobgyn.com,"Gary  D Ott, Krista Dankiw-Ludwig, Maria A Tucker, Jessica N Williams"
Manhattan Center for Gynecology,http://manhattancenterforgynecology.com,Ronald D Blatt
"Jewel Amui-Bellon, MD",http://www.womenforwomenmedicalassociates.com,Jewel Amui-Bellon
Amber Medical Spa,http://www.ambermedicalspa.com,"Ray Mercado, Patria Gonzalez"
"Bergen Aesthetics, LLC",http://www.newjerseysmartlipo.com,Heripsime Ohanian
Gae Rodke MD, ,Gae Rodke
Dr Barbara Plucknett,http://drbarbaraplucknett.com,Barbara Plucknett
"Alvin Berman,  M.D., P.C., F.A.C.O.G.", ,
"Jill Fishbane-Mayer, M.D.", ,Jill Fishbane-Mayer
Bayshore Medical Associates, ,Robert Kelly
Susan J. Probst MD and Associates, ,"Beth Hassel, Susan J Probst"
Center for Women's Health of Montgomery County,http://Montcowomenshealth.com,Donald J DeBrakeleer
"Women's Specialists of Bucks County, P.C.",http://www.wsofbc.com,"Jesmin Mitra, Jay S Rothberg, Anil Nerurkar, Trish Kennedy, Jerrold M Snyder, Richard L Turner, Tracy Cook, Charlotte Dorko"
Dr. Debra J Werner, ,Debra Werner
Dr. Gary S. Kasten,http://www.garykasten.com,Gary S Kasten
"JOHN PACIUC  M.D., F.A.C.O.G.", ,John  Paciuc
"Seasons of Life Obstetrics and Gynecology, PC",http://www.seasonsoflifeobgyn.com,"Stephanie  B Eckert, Mary P Greiss-Coult"
"Cynthia L. Krause, M.D., P.C.",http://ckrausemd.com,Cynthia L. Krause
Advanced Urology Manhasset Division,http://www.AUCofNY.com,Sarah K Girardi
Reading Family Medical Center, ,Lazaro Pepen
"Sharon B. Diamond, MD",http://www.sharondiamondmd.com,Sharon B. Diamond
"Monica Grover, DO",http://www.doctormonicagrover.com,Monica Grover
