Clinic,Link,Doctor
Chelsea Medicine and Laser,http://www.chelsealaser.com,Diane Howlin
Advanced Gynecology and Laparoscopy of North Jersey,http://www.advancedgynnj.com,Shaghayegh M DeNoble
"Women's Health Consultants, PLC",http://www.whcobgyn.com,"Virginia A Battel, Jennifer I Kaplan, Alvin M Schoenberger, Lester J Voutsos, Jeanne B Debono, Michelle A Herman, David I Lipschutz, Keri J Thompson"
"LAROCQUE MEDICAL ARTS CENTER:MEDICAL LASER ASSOCIATES OF NORTH BAY, ON. FOR INTIMATE WOMEN'S HEALTH", ,"RAMESH KULKARNI, LUKMAAN WAJA"
Michigan Institute of Urology,http://www.michiganurology.com,"Amy Brode, Melissa Fischer"
Mount Sinai Hospital Joseph and Wolf Lebovic Health Complex, ,Peter Lee
"Dr. Vincent R Lucente, MD", ,Vincent  Lucente
"Grand Blanc Obstetrics & Gynecology, P.C. ",http://www.drscottmonalisatouch.com,Mattie M Scott
ADVANCED WOMEN'S CARE, ,"Tara D Winchester, Antoine T El-Hayek"
"Moundview OB/GYN, Inc.",http://Moundviewobgyninc.com,"Maureen Y Yablonski, Karen L Smith-Silone"
"Premier Gynecology, Inc.",http://www.premiergynecology.com,JoAnn  Krivetzky
SOFT Southern Ontario Fertility Technologies,http://www.soft-infertility.com,Dr. Martin
Riverside OBGYN,http://www.riverside-obgyn.com,"Tammy Vo-Mota, Ahmad I Al-Jerdi"
Dr. Dragana Matanovic-Todorovic, ,Dragana  Matanovic-Todorovic
Forever Young Aesthetics - Ohio,http://www.drpatmd.net,Patrick  H. Macedonia
Celine Aesthetic Medicine & Laser Lipoplasty,http://Caestheticmed.com,William Anyaegbunam
Center for Urogynecology and Recunstructive Pelvic Surgery,http://www.urogynnj.com,Manish Gopal
Ohio Laser & Wellness Centers,http://www.wellaser.com/pages/MonaLisa,Orafu Chinyere
Drexel University Vaginitis Center,http://www.drexelmedicine.org/patient-services/obstetrics-and-gynecology/vaginitis-center/,Paul Nyirjesy
New Jersey Women's Wellness Center,http://www.cindyparnesmd.com,Cindy Parnes
Om Spa,http://www.omdayspa.com,
Komer Women's Health Centre,http://drkomer.com,Lawrence D. Komer
DaVinci Skin Care Center,http://DavinciSkinCarCenter.com,Maria Sophocles
"Anthony J. Gingo, Jr., MD", ,Anthony J Gingo
Rubabaza Medical, ,
Maryland Urogynecology, ,Thao Nguyen
"Penfield OB-GYN, LLP",http://www.penfieldobgyn.com,"Johann Piquion, Mary Andrea Dela Torre, Waldemar Klimek, Tariq Qureshi, Rahul Laroia"
"All About Women, PA",http://www.aawdocs.com,"Helen McCullough, Dina Anderson, Christine Maynard, Karen Earl, Joanne Goshow-Harris, Molly Larkin, Heike Kuehn, Regina Smith"
Center for Women's Health of Montgomery County,http://Montcowomenshealth.com,Donald J DeBrakeleer
Lakeside Medical, ,Vasilios Kavouris
Dr. Sarah Wallace and Dr. Roxanna Righi, ,"Roxanna Righi, Sarah  Wallace"
Womens Gynecologic Associates,http://www.wgapittsburgh.com,Karen E Rehder
Bala Wellness & Aesthetics,http://balarestore.com/sculpsure/,Paul Gittens
Simply Skin Medical Spa,http://www.skinandlegs.com,Cynthia L. Hoffmeier
"Women's Healthcare of Princeton, LLC",http://www.princetongyn.com,"Susan Kellogg Spadt, Maria  E Sophocles"
Beckerman Womens Health,http://beckermangyn.com,Tobie Beckerman
The Center for Specialized Women's Health,http://www.specializedwomenshealth.com,Michael S Ingber
St Clair Shores OB/GYN,http://www.scsobgyn.com,Constantine Raphtis
"ALBERT C. CHAN, M.D.", ,ALBERT C CHAN
Northeast Ohio Urogynecology,http://www.akronurogynecology.com,Mary M South
Potomac Obstetrics & Gynecology,http://www.potomacobgyn.com,"Leslie B. Masiky, Eric M. Ashkin, Aliya P. Poshni"
Philadelphia Center for Sexual Medicine,http://www.philadelphiasexualmedicine.com/mona-lisa-touch,Paul Gittens
Dr. Fay Weisberg, ,Fay Weisberg
UCA Lawrenceville,http://www.ucalawrenceville.com,"Russell Freid, Michael Cohen, Gary Karlin, Jarad  Fingerman"
Grube Gynecology Healthy Hormones,https://www.vitadox.com/frackville/pa/17931/timothy-grube-do.html,Timothy G Grube
Rejuvenate at Capital Women's Care of Howard County,http://www.cwchowardcounty.com,"Alyssa Larimore, Julie  A Pistorio, Jean C Hundley, Sandra Wittholtz"
Contemporary Obstetrics & Gynecology P.C.,http://www.ContemporaryDoctors.com,"Dawn Goulding, Daniel Greene, Kelly  Gumbrecht, Brian K. Reedy, Andrea  Blake, Sapna Murthy, Gouri Pimputkar"
First State Women's Care,http://www.firststatewomenscare.com,"Gregory W DeMeo, Alexander L Kirifides, Gordon J Ostrum, Lindsey M Davis, Stefanie N Marshall"
Women for Women,http://www.womenforwomenobgynpa.com,Jane Porcelan
Dr. P. Joutsi,http://www.drpjoutsi.com,Pentti A Joutsi
Summit Medical Group,http://summitmedicalgroup.com,"Michael Milano, Doreen DeGraaff, Tammy  Hamilton, Theodore Cohen, Linda Luisi-Purdue, Lisa Hayes, Neil  Russo, Stephen E. Crane"
"Kimberly Kraus, MD",http://www.monalisatouchcleveland.com,Kimberly Kraus
Princeton Urogynecology,http://www.princetonurogyn.com,"Nina Bhatia, Heather van Raalte"
DR. GONZALO FERNANDO ZEVALLOS,http://www.herhealth.ca,Gonzalo F Zevallos
"Rochester Gynecologic and Obstetric Associates, PC",http://www.rgoa.com,David  L Gandell
Paint Creek Laser and Vaginal Wellness Center,http://Paintcreekobgyn.com,"Anu Vansadia, Thomas P  Wolfe"
Maureen B. Conroy D.O., ,Maureen B. Conroy
NWO CENTER FOR UROGYNECOLOGY & WOMEN'S HEALTH, ,ANDREW J CROAK
ZoeMed Womens Health Clinic,http://www.zoemed.ca,Ejibunmi O Adetola
Namaste Laser Center & Spa,http://www.namastelaserspa.com,Jerrold  M Snyder
Institute for Hormonal Health,http://www.hormonalhealth.ca,Kristy A Prouse
SpaMedica,http://www.spamedica.com,Stephen Mulholland
Dr. Hajek & Dr. Kreichman, ,"Dr Kreichman, David Hajek"
"Capital Women's Care, Frederick OB/GYN",http://WWW.CWCFREDERICK.COM,Gerrit Schipper
Total Woman Health & Wellness OBGYN,http://totalwomanobgyn.com,"Gary  D Ott, Krista Dankiw-Ludwig, Maria A Tucker, Jessica N Williams"
"Dr. Samir A. Wahib, D.O.",http://drwahib.com/,
James L Fernau MD at Accent on Body,http://www.drjamesfernau.com,James L Fernau
"Bergen Aesthetics, LLC",http://www.newjerseysmartlipo.com,Heripsime Ohanian
Dr Barbara Plucknett,http://drbarbaraplucknett.com,Barbara Plucknett
Kathleen M Thomsen MD MPH Inc,http://drkatethomsen.com,Kathleen Thomsen
Dr. Darlene Gaynor,http://www.mainlinefemaleurology.com,Darlene M Gaynor-Krupnick
Premier OBGYN, ,"Susan Erk, Mehmet Erk"
Dr. N. Beyani , ,Nambizi Beyani-Mulaisho
Elkelani Medicine Professional Corporation, ,Saad Elkelani
Evgeniya Fefelova, ,Evgeniya Fefelova
Susan J. Probst MD and Associates, ,"Beth Hassel, Susan J Probst"
"Women's Specialists of Bucks County, P.C.",http://www.wsofbc.com,"Jesmin Mitra, Jay S Rothberg, Anil Nerurkar, Trish Kennedy, Jerrold M Snyder, Richard L Turner, Tracy Cook, Charlotte Dorko"
Dr. Susan Benzaquen Professional Corporporation, ,Susan Benzaquen
River of Light Ob-Gyn,http://www.riveroflightobgyn.com,James K Matheson
Rita P. Eckenrode M.D. P.C., ,Rita P Eckenrode
"ReNew You a division of Capital Women's Care, LLC",http://www.renewyoutoday.net,"George  Resta, Laurie Tyau, Randolph  Lizardo, M. Heather  Sine"
Dr Rebecca Hanigosky, ,Rebecca Hanigosky
Women First Gynecology,http://www.womenfirstva.com,Heather Reese
Women's Care Inc.,http://www.wcareinc.com,"Edroy J McMillan, Michael J  Subit, A H Wilson, Allison M  Pruett, Elizabeth S. Chung"
Rockville Gynecology,http://www.RockvilleGynecology.com,"Astrid von Walter Gonzalez, Carolynn Young, Tosha Luchtefeld, MS, FNP-BC"
"Seasons of Life Obstetrics and Gynecology, PC",http://www.seasonsoflifeobgyn.com,"Stephanie  B Eckert, Mary P Greiss-Coult"
Reading Family Medical Center, ,Lazaro Pepen
Revitalize Medical Laser Centre,http://www.revitalizelasercentre.ca,"John E Tomc, Brad Jasey, Rahi Victory, Gregory A Hasen, Michelle Suga, Jenna Rawlins"
"Monica Grover, DO",http://www.doctormonicagrover.com,Monica Grover
