Clinic,Link,Doctor
Dena Harris MD,http://www.sohogynecology.com,Dena Harris
Grube Gynecology Healthy Hormones,https://www.vitadox.com/frackville/pa/17931/timothy-grube-do.html,Timothy G Grube
The Group for Women,http://www.thegroupforwomen.com,"Jon L Crockford, Jeffrey M Wentworth, Denise Harris-Proctor, Mehdi Parva, Nancy P Sinibaldi, Holly S  Puritz, Martha T Fernandez, Giniene M Pirkle, Kimberly J Stockmaster, Dwight Groves, Helene R Newman"
Anteros Medical, ,Melissa  Ferrara
Capital Women's Care,http://www.cwc44bethesda.com,"John A Gschwend, Deena A Klienerman, Lewis R Townsend, Joyce E Brody"
Rejuvenate at Capital Women's Care of Howard County,http://www.cwchowardcounty.com,"Alyssa Larimore, Julie  A Pistorio, Jean C Hundley, Sandra Wittholtz"
Bayshore Medical Associates, ,Robert Kelly
Green Pregnancy & Center for Women's Health, ,Christopher Warner
Every Woman Wellness,http://www.everywomanwellness.com,"Monica Simons, Juana L Cuevas"
Advocare Premier Ob Gyn of South Jersey,http://www.advocarepremierobgyn.com,"Roberta  S Felsenstein, Jessica S Conroy, Eric  B Grossman, Bobbi  S Milligan"
First State Women's Care,http://www.firststatewomenscare.com,"Gregory W DeMeo, Alexander L Kirifides, Gordon J Ostrum, Lindsey M Davis, Stefanie N Marshall"
Comprehensive Gynecology Center,http://www.compgyncenter.com,"Paula Radon, Susan T Peeler"
"Dr. Vincent R Lucente, MD", ,Vincent  Lucente
Summit Medical Group,http://summitmedicalgroup.com,"Michael Milano, Doreen DeGraaff, Tammy  Hamilton, Theodore Cohen, Linda Luisi-Purdue, Lisa Hayes, Neil  Russo, Stephen E. Crane"
Princeton Urogynecology,http://www.princetonurogyn.com,"Nina Bhatia, Heather van Raalte"
New Jersey Urologic Institute,http://www.njurologic.com,Betsy A.B Greenleaf
Rockville Gynecology,http://www.RockvilleGynecology.com,"Astrid von Walter Gonzalez, Carolynn Young, Tosha Luchtefeld, MS, FNP-BC"
Total Urology Care of New York,https://www.totalurologycare.com,"Leonard  Glickman, Elizabeth  A Kavaler"
Prince William Urology, ,"Andrew Chung, Ali Sajadi"
Dr Barbara Plucknett,http://drbarbaraplucknett.com,Barbara Plucknett
Women's Health Services of MD,http://www.womenshealthofmd.com,Mert Dinc
Philadelphia Center for Sexual Medicine,http://www.philadelphiasexualmedicine.com/mona-lisa-touch,Paul Gittens
"Christine Wu, MD PA", ,Christine Wu
Club West Med Spa,http://clubwestmedspa.com/,Lisa M West
"Fairfax OBGYN Associates, P.C.",http://www.fairfaxobgyn.com,"Leonard Rosen, Melissa Rogina, Robert Castle, Melodi Wilson"
Dr. Lauren Rodgers , ,Lauren Rodgers
Alliance Women's Health,http://www.alliancewomenshealth.com,Wendy Bowman
"Dr. Joanne Herrman, MD, Gynecology",http://www.drherrman.com,Joanne Herrman
Pavilion OBGYN,http://www.myaamg.org/pavilion-ob-gyn,"Ayanna James, Theresa Buckson"
Namaste Laser Center & Spa,http://www.namastelaserspa.com,Jerrold  M Snyder
"West End Obstetrics & Gynecology, PC",http://westend-obgyn.com,"Victoria Davis, Vienne K Murray, Susan M Dausch, Lea L Mahoney, Cherry H Jones"
Virginia Women's Center,http://www.VirginiaWomensCenter.com,"Kristin P. Schraa, Peter T. Wilbanks"
Center for Urogynecology and Recunstructive Pelvic Surgery,http://www.urogynnj.com,Manish Gopal
"Capital Women's Care, Frederick OB/GYN",http://WWW.CWCFREDERICK.COM,Gerrit Schipper
Dr. Darlene Gaynor,http://www.mainlinefemaleurology.com,Darlene M Gaynor-Krupnick
Dr. Tracey Fein MD, ,Tracey Fein
DaVinci Skin Care Center,http://DavinciSkinCarCenter.com,Maria Sophocles
Dr Miriam Greene, ,Miriam Greene
Total Woman Health & Wellness OBGYN,http://totalwomanobgyn.com,"Gary  D Ott, Krista Dankiw-Ludwig, Maria A Tucker, Jessica N Williams"
Antheia Gynecology,http://www.antheiagyn.com,Helen Simigiannis
New York Physicians,http://www.melaniemarinmd.com,Melanie  Marin
Spring OB/GYN,http://www.springobgyn.com,Heidi Flagg
"Jewel Amui-Bellon, MD",http://www.womenforwomenmedicalassociates.com,Jewel Amui-Bellon
Drexel University Vaginitis Center,http://www.drexelmedicine.org/patient-services/obstetrics-and-gynecology/vaginitis-center/,Paul Nyirjesy
DuPont Institue for Laser Aesthetics, ,Mary C DuPont
Center for Advanced Gyn & Urogynecology,http://www.centerforadvancedgyn.com,Shobha Sikka
Beckerman Womens Health,http://beckermangyn.com,Tobie Beckerman
Kathleen M Thomsen MD MPH Inc,http://drkatethomsen.com,Kathleen Thomsen
Gae Rodke MD, ,Gae Rodke
Lawrence G Miller MD ,http://drlarrymiller.com,Lawrence G Miller
"All About Women, PA",http://www.aawdocs.com,"Helen McCullough, Dina Anderson, Christine Maynard, Karen Earl, Joanne Goshow-Harris, Molly Larkin, Heike Kuehn, Regina Smith"
Generations of Women Ob/Gyn,http://www.generationsofwomenobgyn.com,Barbara Mercado
Center for Women's Health of Montgomery County,http://Montcowomenshealth.com,Donald J DeBrakeleer
North Dover Ob-Gyn Associates,http://monalisatouchnorthdover.com,John R. J. Sutherland
Maryellen Romano MD,http://www.maryellenromanomd.com,Maryellen  Romano
Susan J. Probst MD and Associates, ,"Beth Hassel, Susan J Probst"
Dr. Debra J Werner, ,Debra Werner
"Annapolis OB/GYN Associates, P.A.",http://www.annapolisobgyn.com,Mark L Repka
Bala Wellness & Aesthetics,http://balarestore.com/sculpsure/,Paul Gittens
"Women's Healthcare of Princeton, LLC",http://www.princetongyn.com,"Susan Kellogg Spadt, Maria  E Sophocles"
Advocare Epstein Gynecology Associates,http://www.advocareepsteingyn.com,Debra Epstein
"Women's Specialists of Bucks County, P.C.",http://www.wsofbc.com,"Jesmin Mitra, Jay S Rothberg, Anil Nerurkar, Trish Kennedy, Jerrold M Snyder, Richard L Turner, Tracy Cook, Charlotte Dorko"
Manhattan Center for Gynecology,http://manhattancenterforgynecology.com,Ronald D Blatt
Maryland Urogynecology, ,Thao Nguyen
Mindful Midwifery & Integrative Obstetrics,http://www.njmidwifery.com/about-us/,Briza Walter
"Alexandros Giannakakos, MD", ,Alexandros  Giannakakos
The Center for Specialized Women's Health,http://www.specializedwomenshealth.com,Michael S Ingber
Women's Center for OB-GYN, ,Anita Chait
"ALBERT C. CHAN, M.D.", ,ALBERT C CHAN
Women's Center for Integrative Health,http://www.wcihnj.com,Andrea N Price
"ReNew You a division of Capital Women's Care, LLC",http://www.renewyoutoday.net,"George  Resta, Laurie Tyau, Randolph  Lizardo, M. Heather  Sine"
Women First Gynecology,http://www.womenfirstva.com,Heather Reese
Women for Women,http://www.womenforwomenobgynpa.com,Jane Porcelan
Potomac Obstetrics & Gynecology,http://www.potomacobgyn.com,"Leslie B. Masiky, Eric M. Ashkin, Aliya P. Poshni"
National Center for Advanced Pelvic Surgery, ,Cheryl Iglesia
"Seasons of Life Obstetrics and Gynecology, PC",http://www.seasonsoflifeobgyn.com,"Stephanie  B Eckert, Mary P Greiss-Coult"
New York Fertility Services,http://www.newyorkfertilityservices.com,Teresa H Randolph
UCA Lawrenceville,http://www.ucalawrenceville.com,"Russell Freid, Michael Cohen, Gary Karlin, Jarad  Fingerman"
Tchabo Care Obstetrics and Gynecology, ,Jean Tchabo
Reading Family Medical Center, ,Lazaro Pepen
Dr. Z's Total Women's Care, ,Zerline Chambers
"Monica Grover, DO",http://www.doctormonicagrover.com,Monica Grover
NYU Urology Associates at NYU Langone Medical Center,http://nyulangone.org/doctors/1003800806/victor-w-nitti,"Benjamin M. Brucker, Scott W. Smilen, Victor W. Nitti, Nirit  Rosenblum, Kimberly L Ferrante"
Foxhall OB-Gyn Associates, ,"Sharon D Malone, Maro Sarafian, Shannon  B Green, Tara S Abraham, Marilyn C Jerome, Richard Beckerman, Nichole A Pardo, Lynne Lightfoote, Shawn Davis-Wilenskyy"
Dominion Women's Health,http://www.dominionwomenshealth.com/aesthetics/,"Thomas Mead, Bialines Espinosa, Danny Shaban, Zvonko Spasic, Badeha H"
