Clinic,Link,Doctor
The Group for Women,http://www.thegroupforwomen.com,"Jon L Crockford, Jeffrey M Wentworth, Denise Harris-Proctor, Mehdi Parva, Nancy P Sinibaldi, Holly S  Puritz, Martha T Fernandez, Giniene M Pirkle, Kimberly J Stockmaster, Dwight Groves, Helene R Newman"
Capital Women's Care,http://www.cwc44bethesda.com,"John A Gschwend, Deena A Klienerman, Lewis R Townsend, Joyce E Brody"
Triangle Physicians for Women,http://www.tp4w.com,"SPYRO VULGAROPULOS, Vijay Sheshadri, LISA GRANA"
Comprehensive Gynecology Center,http://www.compgyncenter.com,"Paula Radon, Susan T Peeler"
"Dr. Vincent R Lucente, MD", ,Vincent  Lucente
Prince William Urology, ,"Andrew Chung, Ali Sajadi"
Dr. Lauren Rodgers , ,Lauren Rodgers
Pavilion OBGYN,http://www.myaamg.org/pavilion-ob-gyn,"Ayanna James, Theresa Buckson"
Valley View Dermatology and Aesthetics- Lewis Gale Physicians, ,Larry W Patton
Center for Urogynecology and Recunstructive Pelvic Surgery,http://www.urogynnj.com,Manish Gopal
Dr. Darlene Gaynor,http://www.mainlinefemaleurology.com,Darlene M Gaynor-Krupnick
Biosymmetry,http://www.Biosymmetry.com,Chris A Pate
DaVinci Skin Care Center,http://DavinciSkinCarCenter.com,Maria Sophocles
Antheia Gynecology,http://www.antheiagyn.com,Helen Simigiannis
Drexel University Vaginitis Center,http://www.drexelmedicine.org/patient-services/obstetrics-and-gynecology/vaginitis-center/,Paul Nyirjesy
"Greenbrier Obstetrics and Gynecology, PC",http://www.greenbrierobgyn.com,
Club West Med Spa,http://clubwestmedspa.com/,Lisa M West
Beckerman Womens Health,http://beckermangyn.com,Tobie Beckerman
EvervitalMD,http://www.evervitalmd.com,Diane Parks
Greensboro OBGYN Associates,http://www.gsoobgyn.com,"Todd  Meisinger, Kathy  Richardson"
"All About Women, PA",http://www.aawdocs.com,"Helen McCullough, Dina Anderson, Christine Maynard, Karen Earl, Joanne Goshow-Harris, Molly Larkin, Heike Kuehn, Regina Smith"
Generations of Women Ob/Gyn,http://www.generationsofwomenobgyn.com,Barbara Mercado
Center for Women's Health of Montgomery County,http://Montcowomenshealth.com,Donald J DeBrakeleer
North Dover Ob-Gyn Associates,http://monalisatouchnorthdover.com,John R. J. Sutherland
Womens Gynecologic Associates,http://www.wgapittsburgh.com,Karen E Rehder
Bala Wellness & Aesthetics,http://balarestore.com/sculpsure/,Paul Gittens
"Women's Healthcare of Princeton, LLC",http://www.princetongyn.com,"Susan Kellogg Spadt, Maria  E Sophocles"
Dr. David Patton,http://www.getsculptedwv.com,David Patton
"Margie Corney,MD",http://www.womenfirstgyn.com,Margie Corney
Physicians for Women of Greensboro,http://www.physiciansforwomen.com,"Gretchen Adkins, John  McComb, David Lowe, Megan Morris, Michelle  Grewal, James  Tomblin, Richard  Holland, Ronald Neal"
Highland Ob/Gyn Clinic,http://highlandobgynnc.com,David Schutzer
Potomac Obstetrics & Gynecology,http://www.potomacobgyn.com,"Leslie B. Masiky, Eric M. Ashkin, Aliya P. Poshni"
National Center for Advanced Pelvic Surgery, ,Cheryl Iglesia
Philadelphia Center for Sexual Medicine,http://www.philadelphiasexualmedicine.com/mona-lisa-touch,Paul Gittens
"Carteret Ob Gyn Associates, PA",http://carteretobgyn.com,"Thomas  T Vradelis, Theresa M Johnson, Olivia J McCallum, Nicole M D'Andrea, Sheli R Garrett-Albaugh"
UCA Lawrenceville,http://www.ucalawrenceville.com,"Russell Freid, Michael Cohen, Gary Karlin, Jarad  Fingerman"
"Yatawara Gynecology, Wellness, and Aesthetics",http://www.yatawaramd.com,"Gayle Yatawara,"
Dr. Z's Total Women's Care, ,Zerline Chambers
"Annapolis OB/GYN Associates, P.A.",http://www.annapolisobgyn.com,Mark L Repka
Grube Gynecology Healthy Hormones,https://www.vitadox.com/frackville/pa/17931/timothy-grube-do.html,Timothy G Grube
Rejuvenate at Capital Women's Care of Howard County,http://www.cwchowardcounty.com,"Alyssa Larimore, Julie  A Pistorio, Jean C Hundley, Sandra Wittholtz"
Green Pregnancy & Center for Women's Health, ,Christopher Warner
Advocare Premier Ob Gyn of South Jersey,http://www.advocarepremierobgyn.com,"Roberta  S Felsenstein, Jessica S Conroy, Eric  B Grossman, Bobbi  S Milligan"
First State Women's Care,http://www.firststatewomenscare.com,"Gregory W DeMeo, Alexander L Kirifides, Gordon J Ostrum, Lindsey M Davis, Stefanie N Marshall"
Women for Women,http://www.womenforwomenobgynpa.com,Jane Porcelan
Princeton Urogynecology,http://www.princetonurogyn.com,"Nina Bhatia, Heather van Raalte"
Blue Ridge Urogynecology, ,Melissa Zimmerman
"Bernard J. Luby, M.D. Inc. ",http://www.bjlubymd.com,Bernard J Luby
Women's Health Services of MD,http://www.womenshealthofmd.com,Mert Dinc
"Christine Wu, MD PA", ,Christine Wu
Williamson Gynecology,http://www.williamsongyn.com,Cile H Williamson
"Fairfax OBGYN Associates, P.C.",http://www.fairfaxobgyn.com,"Leonard Rosen, Melissa Rogina, Robert Castle, Melodi Wilson"
"Dr. Joanne Herrman, MD, Gynecology",http://www.drherrman.com,Joanne Herrman
Namaste Laser Center & Spa,http://www.namastelaserspa.com,Jerrold  M Snyder
"West End Obstetrics & Gynecology, PC",http://westend-obgyn.com,"Victoria Davis, Vienne K Murray, Susan M Dausch, Lea L Mahoney, Cherry H Jones"
Virginia Women's Center,http://www.VirginiaWomensCenter.com,"Kristin P. Schraa, Peter T. Wilbanks"
"Capital Women's Care, Frederick OB/GYN",http://WWW.CWCFREDERICK.COM,Gerrit Schipper
Durham Women's Clinic,http://durhamwomensclinic.com/,"Frank  Frenduto, Toby Ritterhoff, Ankita Desai, Barrett Gunter, Denise Olson, Nicolette Schreiber"
Novant Health Carolinas Pelvic Health Center, ,"Douglas W Miyazaki, Deirdre R Bland, John J. Smith III"
Total Woman Health & Wellness OBGYN,http://totalwomanobgyn.com,"Gary  D Ott, Krista Dankiw-Ludwig, Maria A Tucker, Jessica N Williams"
"Jewel Amui-Bellon, MD",http://www.womenforwomenmedicalassociates.com,Jewel Amui-Bellon
Charlotte Center for Pelvic Health,http://www.MonaLisaCharlotte.com,John A Hettiarachchi
Center for Advanced Gyn & Urogynecology,http://www.centerforadvancedgyn.com,Shobha Sikka
James L Fernau MD at Accent on Body,http://www.drjamesfernau.com,James L Fernau
Alliance Women's Health,http://www.alliancewomenshealth.com,Wendy Bowman
Lawrence G Miller MD ,http://drlarrymiller.com,Lawrence G Miller
Kathleen M Thomsen MD MPH Inc,http://drkatethomsen.com,Kathleen Thomsen
Bayshore Medical Associates, ,Robert Kelly
Susan J. Probst MD and Associates, ,"Beth Hassel, Susan J Probst"
Advocare Epstein Gynecology Associates,http://www.advocareepsteingyn.com,Debra Epstein
"Women's Specialists of Bucks County, P.C.",http://www.wsofbc.com,"Jesmin Mitra, Jay S Rothberg, Anil Nerurkar, Trish Kennedy, Jerrold M Snyder, Richard L Turner, Tracy Cook, Charlotte Dorko"
Maureen B. Conroy D.O., ,Maureen B. Conroy
Maryland Urogynecology, ,Thao Nguyen
Total Woman Care,http://www.totalwomancare.net,"Diane Moon, Peter F McIlveen"
"ReNew You a division of Capital Women's Care, LLC",http://www.renewyoutoday.net,"George  Resta, Laurie Tyau, Randolph  Lizardo, M. Heather  Sine"
Carolina Women's Physicians ,http://www.carolinawomens.com,Jennifer L Ferguson
Women First Gynecology,http://www.womenfirstva.com,Heather Reese
Rockville Gynecology,http://www.RockvilleGynecology.com,"Astrid von Walter Gonzalez, Carolynn Young, Tosha Luchtefeld, MS, FNP-BC"
"Seasons of Life Obstetrics and Gynecology, PC",http://www.seasonsoflifeobgyn.com,"Stephanie  B Eckert, Mary P Greiss-Coult"
Tchabo Care Obstetrics and Gynecology, ,Jean Tchabo
Reading Family Medical Center, ,Lazaro Pepen
DuPont Institue for Laser Aesthetics, ,Mary C DuPont
"Raleigh Gynecology & Wellness, PA",http://www.gynraleigh.com,"Suzanne B Kaminski, Lorena Benavides"
Wilkerson Obstetrics and Gynecology ,http://www.wilkersonobgyn.com,"Andrea D. Roche, Michelle M. Homeister, Michele  Martin, Phelicia  A. Flanagan, Kirk J.  Matthews,Jr."
Foxhall OB-Gyn Associates, ,"Sharon D Malone, Maro Sarafian, Shannon  B Green, Tara S Abraham, Marilyn C Jerome, Richard Beckerman, Nichole A Pardo, Lynne Lightfoote, Shawn Davis-Wilenskyy"
Dominion Women's Health,http://www.dominionwomenshealth.com/aesthetics/,"Thomas Mead, Bialines Espinosa, Danny Shaban, Zvonko Spasic, Badeha H"
