Clinic,Link,Doctor
"Ageless Aesthetics in Warner Robins, Macon and Stockbridge",http://www.agelessbeautyhasarrived.com,Anayo Umerah
Urogynecology of Southern Alabama,http://urogynsa.com,Charles R Hanes
Georgia Center for Women,http://www.monalisaatlanta.com,Tracey Lemon-Sams
Physicians for Women of Greensboro,http://www.physiciansforwomen.com,"Gretchen Adkins, John  McComb, David Lowe, Megan Morris, Michelle  Grewal, James  Tomblin, Richard  Holland, Ronald Neal"
Dr. David Patton,http://www.getsculptedwv.com,David Patton
Women's Health Associates- Aiken,http://www.whaaiken.com,Cindy  G Besson
Women's Health Specialists.,http://www.womenshealthspecialists.net,"Devin G Trevor, Karen S. Lyons, Manmeet K Sandhu"
Dr. James T. Martin Jr,http://www.jmartinmd.com,James T. Martin
Women's Health Services,http://www.cookevillemonalisatouch.com,Michael P. Casal
Charlotte Center for Pelvic Health,http://www.MonaLisaCharlotte.com,John A Hettiarachchi
Women's Surgery Center,http://www.womenssurgerycentertn.com,"Honiko J Morrison, Robert  S Furr"
"Franklin Healthcare for Women, PLLC",http://www.franklinhealthcareforwomen.com,Tracy A Nims
"Tennessee Urology Associates, PLLC", ,Brian Parker
GYN Health of Upstate ,http://www.monalisatouchofgreenville.com,Tamela Keller
Gainesville ObGyn,http://gvilleobgyn.com,"David Stewart, Michael Cotter"
Associated Urologists, ,Harriette Scarpero
Graves Gilbert Clinic,http://gravesgilbert.com/,Mark J Yurchisin
"Bernard J. Luby, M.D. Inc. ",http://www.bjlubymd.com,Bernard J Luby
J. Chris Portera, ,J. Chris Portera
Lexington Ob Gyn Associates,http://Lexingtonobgyn.com,"Olson Parrott, Lynne O. Simms, Julie Ashmun, Randal W. Owen, Tom Adkins, Karen Schell, Kara  O. Wells"
Palmetto Women's Health,http://www.PalmWomensHealth.com,Loren  Frankel
Williamson Gynecology,http://www.williamsongyn.com,Cile H Williamson
Walker Women's Specialists, ,"Bridget S Brunner, Talia J Gates, LoRissia R Autery"
OBGYN Associates of Alabama PC,http://www.obgynal.com,"John C Foster, Rupa D Goolsby, Jodie B Benton, William M Johnson, Crista J Thomas"
"Athens Area Urology, P.C. - Ellison, Walton & Byrne ",http://www.ewb-urology.com,"Gary  R. Walton, Matthew C. Steele, Mark  F. Ellison, Robert R. Byrne"
Biltmore OB-Gyn,http://www.biltmoreob-gyn.com/,Stacy Travis
"All Women OB/GYN, PSC",http://www.allwomenobgyn.com,"Amy Deeley, Aimee  Paul, Rachel Thompson, Lisa Crawford, Elena Salerno, Tanika Taylor"
Oxford Clinic For Women - The Spa @ OCW, ,"Ronald B  Smith, Jerry  K Martin, William E Henderson"
Oasis OB GYN,http://Oasisobgyn.com,Cynthia  M Harris
Pure Reflection Spa for Wellness,http://www.purereflectionspa.com,Vickie W Lovin
Contemporary Women's Health Medi-Spa,http://www.cwhmedispa.com,"Ceeccy Yang, Kimberly Roberts"
"Central Obstetrics and Gynecology, PC",http://www.monalisacolumbus.com,Otto  D  Umana
"Obstetrics and Gynecology of West Alabama, PC.",http://www.obgynwestal.com,"Myron S Chwe, Harvey A Edwards, Joanne  C  Myers, Stephen E Allen"
Ciao Bella Medical Center and Spa,http://www.CiaoBellaMed.com,LaToya B Stephens
"Brookwood Womens Health, PC",http://ww.brookwoodwomenshealth.com,"John M Morgan, Heidi K Straughn, Jack B Freeman, Jamie B Routman"
Urology Associates PC - WISH,http://www.wishnashville.com/,"Vikki F Pedigo, Brooke M Faught"
"Sherri L Maetozo,MD",http://Sherrimaetozo.com,
Woodlands Medical Specialists - Dr. Ashley King,http://www.woodlandsmed.com,Dr. Ashley  King
"First Urology, PSC",http://www.1sturologymonalisatouch.com,Hal Rosenbaum
Basinski & Juran MDs,http://www.basinskiandjuran.com,"Rupal S Juran, Cindy M Basinski"
"The Women's Pavilion, PSC",http://www.thewomenspavilion.com,"Andrea B Moore, Angela M Dawson"
Hancock Women's Center,http://hancockwomenscenter.com/mona-lisa-touch-seminar-request-consultation/,Noel M Duplantier
Seasons Ob Gyn,http://www.seasonsobgyn-sc.com,"Elizabeth Dacus, Nancy  Stroud"
Blue Ridge Urogynecology, ,Melissa Zimmerman
Oxford Ob/Gyn Associates,http://www.oxfordobgyn.com/,"Gregory O Patton, Glenn Hunt, Julie G Harper"
Midtown Urology, ,Jenelle E Foote
"Kathleen O. Edmunds, MD",http://www.edmundsgynecology.com,Kathleen O. Edmunds
Prestige Healthcare OBGYN,http://www.prestigehealthcareatlanta.com,"Lorenza A Simmons, Charis J Trench-Simmons"
EvervitalMD,http://www.evervitalmd.com,Diane Parks
Institute for Female Pelvic Medicine,http://mypelvicmedicine.com/,Jeffrey R Dell
Greensboro OBGYN Associates,http://www.gsoobgyn.com,"Todd  Meisinger, Kathy  Richardson"
Center for Pelvic Health,http://www.centerforpelvichealth.org,"Yoshie Darnall, Barry Jarnagin, Ashley C Brouwer"
Women's Health Specialists of North Atlanta, ,Ann Cha
Southern Crescent Women's Healthcare,http://www.scwhobgyn.com,"Elizabeth W.  Killebrew, Benita L.  Bonser, Cynthia A.  Nater, Edwin Bello, Deborah Shepard, Tanya Beckford, W. Darrell Martin, Sharon A. Lynch-Miller, Crystal O. Slade, Michlene Broadney, Heather Turner, Kristie Dyson, Kimberly Cross"
OBGyn Associates of St. Augustine,http://obgynstaugustine.com,"Thomas Searle, Barbara Dembek, Susan Yarian, Kelly Jago"
"Phoenix Women's Health, LLC",http://www.phxwomenshealthllc.com,"Hugh Bailey, Zania B. Narcisse"
Baptist Health Medical Group OBGYN, ,"S.Blair Tolar, Amber Savells, Matthew Sublette"
Southern Women's Care ,http://www.tnswcare.com,Alisa R Bowersock
Total Woman Care,http://www.totalwomancare.net,"Diane Moon, Peter F McIlveen"
Karen E Kennedy MD,http://www.karenkennedymd.com,Karen E Kennedy
ObGyne Consultants,http://www.obgyneconsultants.com,"Lydia Langston, Bola Sogade"
Valley View Dermatology and Aesthetics- Lewis Gale Physicians, ,Larry W Patton
Southern Urogynecology,http://www.southurogyn.com,Andrea Pezzella
"GULF COAST GYNECOLOGY, PA - ANN NGUYEN, M.D.", ,ANN T NGUYEN
Partlow Harbin & Poist Ob/Gyn,http://www.phpobgyn.com,"David B. Partlow, Jr."
Anita Spirek MD PLLC ,http://www.anitaspirekmd.com,Anita  J Spirek
Southeast Sculpting & Rejuvenation,http://www.sesculpting.com/monalisa-touch/,"Joe Robinson, Ansley L Hilton"
Fort Sanders Women's Specialists,http://fswomensspecialists.com,G. Walton Smith
North Florida Women's Care,http://www.NFLWC.com,"Robert Ashmore, Alexander Franz, Kenneth McAlpine, Lori  Rosenberg, Arthur Clements, Alexander J Brickler, Andrea Friall, Vikki McKinnie, Christopher Sundstrom"
Dr. Elizabeth LaRoche, ,"Kathleen M Rosenhagen, Elizabeth R  LaRoche"
The Nancy Vick Center for Women,http://DrVick.com,"Amy D Brackins, George W Vick"
Glow Anti-Aging Center and Medical Spa,http://www.agelessglowspa.com,"Anne Cease, Jessi Sellers, Hughan  RH Frederick, Lori Sheffield"
Full Circle Women's Care,http://www.fullcirclejax.com,Chandra Adams
A Brand New You Aesthetics,http://www.abrandnewyouaesthetics.com,"Elizabeth W Killebrew, Sharon Lynch-Miller, Crystal Slade, Heather Turner, Kristie Dyson, Michelene Broadney, William D Martin, Tanya  Beckford, Benita  Bonser, Edwin Bello, Deborah Shepard, Kimberly Cross"
Serendipity Medical Spa,http://www.serendipitymedspa.com,"Tracey Leaver-Williams, David  w Vormohr"
Novant Health Carolinas Pelvic Health Center, ,"Douglas W Miyazaki, Deirdre R Bland, John J. Smith III"
"Ladies First Obstetrics & Gynecology of Dothan, Inc. ",http://www.ladiesfirstwiregrass.com,"LaToya Walton-Torrence, Asha Voss"
Places South, ,Denise Pecht
"Yatawara Gynecology, Wellness, and Aesthetics",http://www.yatawaramd.com,"Gayle Yatawara,"
"Columbia Women's Clinic, LLC",http://columbiawomensclinic.com,Christine Hargrove-Staley
"Sexual Health Excellence, LLC",http://www.NASHVILLEMONALISATOUCH.COM,BARBARA J NYLANDER
Charleston OB/Gyn,http://www.charlestonobgyn.com,"Lauren F Hamilton, Stan Ottinger, Rebecca  Baird, Denise Devine"
