Clinic,Link,Doctor
"Ageless Aesthetics in Warner Robins, Macon and Stockbridge",http://www.agelessbeautyhasarrived.com,Anayo Umerah
"Omega Women's Care, LLC",http://www.omegawomenscare.com,"Tali Rombro, David Hochberger, Heather Gabai Hernandez, Mitchell Feldman, Brooke Slaton, Francis Fazzano"
Dr. Carol Murphy , ,Carol Murphy
Mona Lisa Touch - Naples,http://www.monalisatouchnaples.com,"Karysse Trandem, Max Kamerman, Wallace McLean"
"Lily's Touch, INC", ,Fabienne Achille
Southern Crescent Women's Healthcare,http://www.scwhobgyn.com,"Elizabeth W.  Killebrew, Benita L.  Bonser, Cynthia A.  Nater, Edwin Bello, Deborah Shepard, Tanya Beckford, W. Darrell Martin, Sharon A. Lynch-Miller, Crystal O. Slade, Michlene Broadney, Heather Turner, Kristie Dyson, Kimberly Cross"
Women's Health Associates- Aiken,http://www.whaaiken.com,Cindy  G Besson
Gainesville ObGyn,http://gvilleobgyn.com,"David Stewart, Michael Cotter"
Women's Healthcare Physicians of Naples,http://www.monalisatouchnaples.com,"Karysse Trandem, Max Kamerman, Wallace McLean"
The Women's Centre For Excellence,http://www.excellenceforwomen.com,"Mary Beth  Lewis-Boardman, Debra L Ortiz, Kristina M McLean, Jeanmarie Texier, Alana L McGee"
"Lake OB-GYN Associates of Mid-Florida, LLC. ",http://www.leesburgobgyn.com,Michelle  E. Wood
Institue for Women's Health and Body, ,Melanie Bone
Female Continence and Pelvic Surgery Center,http://www.addlifeurogyn.com,Uzoma Nwaubani
Serendipity Medical Spa,http://www.serendipitymedspa.com,"Tracey Leaver-Williams, David  w Vormohr"
Caceres Specialized Gynecology,http://www.caceresgyn.com,"Stacey Gruka, Aileen Caceres"
A Brand New You Aesthetics,http://www.abrandnewyouaesthetics.com,"Elizabeth W Killebrew, Sharon Lynch-Miller, Crystal Slade, Heather Turner, Kristie Dyson, Michelene Broadney, William D Martin, Tanya  Beckford, Benita  Bonser, Edwin Bello, Deborah Shepard, Kimberly Cross"
Palmetto Women's Health,http://www.PalmWomensHealth.com,Loren  Frankel
"Westside OB/GYN Group, L.L.C.",http://www.2obgyn.com,"Anthony A Hood, Mark S Grenitz"
Wellington Anti-Aging Centre,http://www.wellingtonantiaging.com,"Greg Latchaw, David  Adler"
Gulfshore Urology,http://www.gulfshoreurology.com,"Alexandre Rosen, Jonathan Jay, Rolando Rivera, Barckley Storey, David Wilkinson"
"Viva Ladies, LLC.",http://www.sylviavelardellc.com,Sylvia Velarde
Rejuvia,http://www.rejuvia.com,Sara Bernstein
"Athens Area Urology, P.C. - Ellison, Walton & Byrne ",http://www.ewb-urology.com,"Gary  R. Walton, Matthew C. Steele, Mark  F. Ellison, Robert R. Byrne"
Southwest Florida Women's Group,http://www.southwestfloridawomensgroup.com,"Jennifer Bevins, Jennifer Stanley, Betsy Brothers, Rose Nguyen"
Dr. Meena Jain,http://www.jaingynecology.com,Meena Jain
Parveen S. Vahora MD PA,http://www.ParveenVahoraMD.com,Parveen S. Vahora
"Central Obstetrics and Gynecology, PC",http://www.monalisacolumbus.com,Otto  D  Umana
Georgia Center for Women,http://www.monalisaatlanta.com,Tracey Lemon-Sams
Naples Urology Associates,http://www.UrologyOfNaples.com,Joanna K Chon
OBGYN Associates of Alabama PC,http://www.obgynal.com,"John C Foster, Rupa D Goolsby, Jodie B Benton, William M Johnson, Crista J Thomas"
A Place for Women , ,Delia Delgado
"Sherri L Maetozo,MD",http://Sherrimaetozo.com,
"Linda A. Kiley, MD, Urogynecology & Advanced Pelvic Surgery",http://www.drlindakiley.com,"Joyce DeFrancesco, Linda A Kiley"
"Lotus Women's Services, LLC ", ,Elizabeth Gonzalez
Whelihan Laser,http://www.WhelihanLaser.com,"Gina Whelihan, Maureen Whelihan"
BodyWise Specialists,http://www.bodywisespecialists.com,Regina M Kaufmann
Women's Health Specialists of North Atlanta, ,Ann Cha
Seasons Ob Gyn,http://www.seasonsobgyn-sc.com,"Elizabeth Dacus, Nancy  Stroud"
"Elizabeth A. Etkin-Kramer, MD Gynecology",http://www.etkinkramer.com,"Line Bohbot, Elizabeth Etkin-Kramer"
Glow Anti-Aging Center and Medical Spa,http://www.agelessglowspa.com,"Anne Cease, Jessi Sellers, Hughan  RH Frederick, Lori Sheffield"
Midtown Urology, ,Jenelle E Foote
Quality Care for Women, ,Yara Delgado-Spasic
"Robert C. Siudmak, MD",http://www.totalwomenshealthcare.com,Robert C Siudmak
"Ivonne M Reynolds, D.O., LLC",http://www.ireynoldsobgyn.com/,Ivonne M Reynolds
Andrew H Krinsky MD Gyecology  A Holistic Approach to Women's Healthcare,http://www.drandrewkrinsky.com,Andrew H Krinsky
Prestige Healthcare OBGYN,http://www.prestigehealthcareatlanta.com,"Lorenza A Simmons, Charis J Trench-Simmons"
"Women's Health Partners, LLC",http://www.myobgynoffice.com,"Stewart  Newman, Jane  Rudolph, Melissa Friedman, Rachel Ciaccio, Samuel Kaufman, Susan  Beil, Gostal Arcelin, Lauren Feingold"
Places South, ,Denise Pecht
Dr. James T. Martin Jr,http://www.jmartinmd.com,James T. Martin
"Lake Obstetrics and Gynecology, LLC",http://www.drstevenpillow.com,"Denice Chandler, Steven E Pillow"
"Robert J. Pearl, D.O.",http://www.pearlgyn.com,Robert J Pearl
Advanced Urology Specialists, ,Harvey Taub
Florida Woman Care, ,Shresan Gray
Biosymmetry,http://www.Biosymmetry.com,Chris A Pate
Dr. Ata Atogho, ,Ata Atogho
ObGyne Consultants,http://www.obgyneconsultants.com,"Lydia Langston, Bola Sogade"
Women's Wellness Center, ,"Patricia Chen, Gail Pezzullo-Burgs, Terrence Harris"
Vivify By Vacare,http://www.VivifyByVacare.com,Philip Townsend
Southern Urogynecology,http://www.southurogyn.com,Andrea Pezzella
"GULF COAST GYNECOLOGY, PA - ANN NGUYEN, M.D.", ,ANN T NGUYEN
"Physicians to Women, P.A.",http://www.ptwfl.com,"Pete Papapanos, Sasha Siassipour, Peter M  Dayton, Wynne S Lee-Nunez, Samantha  Rawlins"
Carolina OBGYN/Carolina Rejuvenation/Smart Lipo MD,http://www.smartlipomb.com,"Gayle  Richmond, Christine  Gerber, Valerie Lasry, Lisa  Maselli"
Reflections OBGYN,http://www.reflectionsobgyn.com,"Karine Romain, Mark Sargent"
Women's Care Florida Lifetime Ob/Gyn,http://www.womenscarefl.com/find-a-care-group/tampa-bay-care-groups/lifetime-obstetrics-gynecology,"Kiera  Irvin, Shonda  Perry, Ryan    Neuhaus, Lori Stabinski, Jill  Botelho, Suzanne  Clemons, Lorraine  Bevilacqua, Michael Stine, Joyce  Rivera"
North Florida Women's Care,http://www.NFLWC.com,"Robert Ashmore, Alexander Franz, Kenneth McAlpine, Lori  Rosenberg, Arthur Clements, Alexander J Brickler, Andrea Friall, Vikki McKinnie, Christopher Sundstrom"
ELITE OBSTETRICS & GYNECOLOGY,http://WWW.ELITEOBGYN.COM,"JENNIFER L HARPER, LANALEE A SAM"
Manatee Gynecology, ,Veronica Socas
Full Circle Women's Care,http://www.fullcirclejax.com,Chandra Adams
OBGyn Associates of St. Augustine,http://obgynstaugustine.com,"Thomas Searle, Barbara Dembek, Susan Yarian, Kelly Jago"
"Physicians' Primary Care of Southwest Florida, P.L.",http://www.ppcswfl.com,"Rex Stubbs, Paul Joslyn, Sarah Krauss, Mary Yankaksas, Kevin Fleishman, Anita Del Bianco, Blaise  Kovaz, Kathleen Shimp"
"Ladies First Obstetrics & Gynecology of Dothan, Inc. ",http://www.ladiesfirstwiregrass.com,"LaToya Walton-Torrence, Asha Voss"
Dr. Rebecca Stern,http://www.rebeccasternmd.com,Rebecca Stern
"Green & Urrribarri, MD., LLC",http://www.greenurribarri.com,"Nissseth Urribarri, Jose E Berthe, Josephina Laguna, Linda D. Green, Jennifer Schnee, Marin Rands"
"Boca Raton OBGYN Specialists, LLC",http://www.obgynspecialistsllc.com,"Bradley S Douglas, Mark B McCormick, Alexandra C Schmidt"
"CARRIE E. GREENSPAN M.D., LLC", ,CARRIE  E GREENSPAN
"Quality Women's Care Of Florida, LLC.", ,"Carmen M Selman, Martha L Garzon, Monica F Jordan, Susan Davila, Karen R Hirschberg, Barbara  Peluso"
Charleston OB/Gyn,http://www.charlestonobgyn.com,"Lauren F Hamilton, Stan Ottinger, Rebecca  Baird, Denise Devine"
Ciao Bella Medical Center and Spa,http://www.CiaoBellaMed.com,LaToya B Stephens
"Complete Healthcare for Women, PA", ,"Daxa Patel, Colette Brown-Graham"
