Clinic,Link,Doctor
South Miami Women's Health,http://southmiamiwomenshealth.com,"Luis E Roca, Joyce  Miller"
"Omega Women's Care, LLC",http://www.omegawomenscare.com,"Tali Rombro, David Hochberger, Heather Gabai Hernandez, Mitchell Feldman, Brooke Slaton, Francis Fazzano"
Caceres Specialized Gynecology,http://www.caceresgyn.com,"Stacey Gruka, Aileen Caceres"
Dr. Carol Murphy , ,Carol Murphy
Mona Lisa Touch - Naples,http://www.monalisatouchnaples.com,"Karysse Trandem, Max Kamerman, Wallace McLean"
"Lily's Touch, INC", ,Fabienne Achille
Gainesville ObGyn,http://gvilleobgyn.com,"David Stewart, Michael Cotter"
Women's Healthcare Physicians of Naples,http://www.monalisatouchnaples.com,"Karysse Trandem, Max Kamerman, Wallace McLean"
The Women's Centre For Excellence,http://www.excellenceforwomen.com,"Mary Beth  Lewis-Boardman, Debra L Ortiz, Kristina M McLean, Jeanmarie Texier, Alana L McGee"
ELITE OBSTETRICS & GYNECOLOGY,http://WWW.ELITEOBGYN.COM,"JENNIFER L HARPER, LANALEE A SAM"
Institue for Women's Health and Body, ,Melanie Bone
Female Continence and Pelvic Surgery Center,http://www.addlifeurogyn.com,Uzoma Nwaubani
Whelihan Laser,http://www.WhelihanLaser.com,"Gina Whelihan, Maureen Whelihan"
Miami Center of Excellence for Obstetrics & Gynecology,http://www.miamiobgyns.com,"Alejandra Turmero-Angel, Randy A. Fink, Arin J. Semel-Saldana"
"Ivonne M Reynolds, D.O., LLC",http://www.ireynoldsobgyn.com/,Ivonne M Reynolds
Wellington Anti-Aging Centre,http://www.wellingtonantiaging.com,"Greg Latchaw, David  Adler"
Gulfshore Urology,http://www.gulfshoreurology.com,"Alexandre Rosen, Jonathan Jay, Rolando Rivera, Barckley Storey, David Wilkinson"
Andrew H Krinsky MD Gyecology  A Holistic Approach to Women's Healthcare,http://www.drandrewkrinsky.com,Andrew H Krinsky
Miami OB-Gyn Associates LLC, ,Gregory Guell
Quality Care for Women, ,Yara Delgado-Spasic
Miami MDs for Women,http://www.miamimdsforwomen.com,"Katia M Apollon, Rebecca F Karsenti, Annette K Pelaez"
Southwest Florida Women's Group,http://www.southwestfloridawomensgroup.com,"Jennifer Bevins, Jennifer Stanley, Betsy Brothers, Rose Nguyen"
Dr. Meena Jain,http://www.jaingynecology.com,Meena Jain
Parveen S. Vahora MD PA,http://www.ParveenVahoraMD.com,Parveen S. Vahora
Naples Urology Associates,http://www.UrologyOfNaples.com,Joanna K Chon
A Place for Women , ,Delia Delgado
"Sherri L Maetozo,MD",http://Sherrimaetozo.com,
"Linda A. Kiley, MD, Urogynecology & Advanced Pelvic Surgery",http://www.drlindakiley.com,"Joyce DeFrancesco, Linda A Kiley"
"Lotus Women's Services, LLC ", ,Elizabeth Gonzalez
BodyWise Specialists,http://www.bodywisespecialists.com,Regina M Kaufmann
"Elizabeth A. Etkin-Kramer, MD Gynecology",http://www.etkinkramer.com,"Line Bohbot, Elizabeth Etkin-Kramer"
"Physicians to Women, P.A.",http://www.ptwfl.com,"Pete Papapanos, Sasha Siassipour, Peter M  Dayton, Wynne S Lee-Nunez, Samantha  Rawlins"
The Center for Gynecology and Restorative Medicine,http://www.drstarkemiami.com,Michelle M. Starke
"Robert C. Siudmak, MD",http://www.totalwomenshealthcare.com,Robert C Siudmak
"Westside OB/GYN Group, L.L.C.",http://www.2obgyn.com,"Anthony A Hood, Mark S Grenitz"
Re:Touch,http://www.womenshealthsouthmiami.com,"Robert Feldman, Lissette  Molina, Ellen Schwartzbard, Debra Kenward"
"Women's Health Partners, LLC",http://www.myobgynoffice.com,"Stewart  Newman, Jane  Rudolph, Melissa Friedman, Rachel Ciaccio, Samuel Kaufman, Susan  Beil, Gostal Arcelin, Lauren Feingold"
Robert Ross M.D., ,Robert  A  Ross
"Lake Obstetrics and Gynecology, LLC",http://www.drstevenpillow.com,"Denice Chandler, Steven E Pillow"
"Robert J. Pearl, D.O.",http://www.pearlgyn.com,Robert J Pearl
"Lake OB-GYN Associates of Mid-Florida, LLC. ",http://www.leesburgobgyn.com,Michelle  E. Wood
Advanced Urology Specialists, ,Harvey Taub
Dr. Ata Atogho, ,Ata Atogho
"Viva Ladies, LLC.",http://www.sylviavelardellc.com,Sylvia Velarde
Women's Wellness Center, ,"Patricia Chen, Gail Pezzullo-Burgs, Terrence Harris"
Vivify By Vacare,http://www.VivifyByVacare.com,Philip Townsend
Women's Rejuvenation Center of Florida ,http://www.monalisamia.com,Spencer F Kellogg
Reflections OBGYN,http://www.reflectionsobgyn.com,"Karine Romain, Mark Sargent"
Women's Care Florida Lifetime Ob/Gyn,http://www.womenscarefl.com/find-a-care-group/tampa-bay-care-groups/lifetime-obstetrics-gynecology,"Kiera  Irvin, Shonda  Perry, Ryan    Neuhaus, Lori Stabinski, Jill  Botelho, Suzanne  Clemons, Lorraine  Bevilacqua, Michael Stine, Joyce  Rivera"
Florida Woman Care, ,Shresan Gray
Manatee Gynecology, ,Veronica Socas
Full Circle Women's Care,http://www.fullcirclejax.com,Chandra Adams
OBGyn Associates of St. Augustine,http://obgynstaugustine.com,"Thomas Searle, Barbara Dembek, Susan Yarian, Kelly Jago"
"Physicians' Primary Care of Southwest Florida, P.L.",http://www.ppcswfl.com,"Rex Stubbs, Paul Joslyn, Sarah Krauss, Mary Yankaksas, Kevin Fleishman, Anita Del Bianco, Blaise  Kovaz, Kathleen Shimp"
Lievano Perez Obstetrics and Gynecology of Miami, ,"Ileana R Perez, Guillermo A.  Lievano"
Rejuvia,http://www.rejuvia.com,Sara Bernstein
Dr. Rebecca Stern,http://www.rebeccasternmd.com,Rebecca Stern
"Green & Urrribarri, MD., LLC",http://www.greenurribarri.com,"Nissseth Urribarri, Jose E Berthe, Josephina Laguna, Linda D. Green, Jennifer Schnee, Marin Rands"
"Boca Raton OBGYN Specialists, LLC",http://www.obgynspecialistsllc.com,"Bradley S Douglas, Mark B McCormick, Alexandra C Schmidt"
"CARRIE E. GREENSPAN M.D., LLC", ,CARRIE  E GREENSPAN
"Quality Women's Care Of Florida, LLC.", ,"Carmen M Selman, Martha L Garzon, Monica F Jordan, Susan Davila, Karen R Hirschberg, Barbara  Peluso"
"Complete Healthcare for Women, PA", ,"Daxa Patel, Colette Brown-Graham"
