Clinic,Link,Doctor
"Ageless Aesthetics in Warner Robins, Macon and Stockbridge",http://www.agelessbeautyhasarrived.com,Anayo Umerah
Full Circle Women's Care,http://www.fullcirclejax.com,Chandra Adams
Urogynecology of Southern Alabama,http://urogynsa.com,Charles R Hanes
Georgia Center for Women,http://www.monalisaatlanta.com,Tracey Lemon-Sams
Adams Patterson Gynecology & Obstetrics,http://www.adamspatterson.com,"M. Leigh Keegan, Judith  J.  Williams, B. Todd Chappell, Sharon A.  Butcher, T. Franklin King, Regina G.  Healy, Leah C. Tonkin, Miriah B.  Denbo, E. Darby Heitman"
Women's Health Associates- Aiken,http://www.whaaiken.com,Cindy  G Besson
Women's Health Specialists.,http://www.womenshealthspecialists.net,"Devin G Trevor, Karen S. Lyons, Manmeet K Sandhu"
Hancock Women's Center,http://hancockwomenscenter.com/mona-lisa-touch-seminar-request-consultation/,Noel M Duplantier
Karen E Kennedy MD,http://www.karenkennedymd.com,Karen E Kennedy
Women's Health Services,http://www.cookevillemonalisatouch.com,Michael P. Casal
Women's Surgery Center,http://www.womenssurgerycentertn.com,"Honiko J Morrison, Robert  S Furr"
"Franklin Healthcare for Women, PLLC",http://www.franklinhealthcareforwomen.com,Tracy A Nims
Jackson Healthcare for Women,http://www.jhcfw.com,"Lisa  T. Gibson-McKee, John W. Cook, Emily B. Johnson, Edra S.  Kimmel, Kathryn H. Mallette, Darden H.  North, Earl T.  Stubblefield, C. Shannon Carroll, Sr., Charles C. Bush, Jr., Karen F. Cole, Roy B. Kellum, P. Mercer Lee III, Kimberly P. Nichols, Amanda A.  Reeves, Christopher D. Wiggs"
"Tennessee Urology Associates, PLLC", ,Brian Parker
A Brand New You Aesthetics,http://www.abrandnewyouaesthetics.com,"Elizabeth W Killebrew, Sharon Lynch-Miller, Crystal Slade, Heather Turner, Kristie Dyson, Michelene Broadney, William D Martin, Tanya  Beckford, Benita  Bonser, Edwin Bello, Deborah Shepard, Kimberly Cross"
Gainesville ObGyn,http://gvilleobgyn.com,"David Stewart, Michael Cotter"
Associated Urologists, ,Harriette Scarpero
Graves Gilbert Clinic,http://gravesgilbert.com/,Mark J Yurchisin
J. Chris Portera, ,J. Chris Portera
Fort Sanders Women's Specialists,http://fswomensspecialists.com,G. Walton Smith
OBGYN Associates of Alabama PC,http://www.obgynal.com,"John C Foster, Rupa D Goolsby, Jodie B Benton, William M Johnson, Crista J Thomas"
"Columbia Women's Clinic, LLC",http://columbiawomensclinic.com,Christine Hargrove-Staley
Biltmore OB-Gyn,http://www.biltmoreob-gyn.com/,Stacy Travis
Ruch Clinic,http://www.ruchclinic.com,"Thomas H. Crenshaw, John H. Pickens, Laura J. Bishop, Kristal D. Taylor, Diane M. Long, A. Franklin Kennedy, G. Huff Peeler, Shweta R. Duggirala, Leslie B. Norman"
Oasis OB GYN,http://Oasisobgyn.com,Cynthia  M Harris
Pure Reflection Spa for Wellness,http://www.purereflectionspa.com,Vickie W Lovin
Contemporary Women's Health Medi-Spa,http://www.cwhmedispa.com,"Ceeccy Yang, Kimberly Roberts"
"Central Obstetrics and Gynecology, PC",http://www.monalisacolumbus.com,Otto  D  Umana
"Obstetrics and Gynecology of West Alabama, PC.",http://www.obgynwestal.com,"Myron S Chwe, Harvey A Edwards, Joanne  C  Myers, Stephen E Allen"
Ciao Bella Medical Center and Spa,http://www.CiaoBellaMed.com,LaToya B Stephens
"Brookwood Womens Health, PC",http://ww.brookwoodwomenshealth.com,"John M Morgan, Heidi K Straughn, Jack B Freeman, Jamie B Routman"
Bluebonnet Laser Aesthetics,http://www.bluebonnetlaser.com,"William S Kubricht III, Robert  T Grissom, Anna R Smither, Paul W Walker, Kenneth M Blue III, Kelly  J Boudreaux, Jr., David N Hastings, Robert S Taylor"
Urology Associates PC - WISH,http://www.wishnashville.com/,"Vikki F Pedigo, Brooke M Faught"
"Sherri L Maetozo,MD",http://Sherrimaetozo.com,
Woodlands Medical Specialists - Dr. Ashley King,http://www.woodlandsmed.com,Dr. Ashley  King
"John M. Baten, M.D.",https://www.facebook.com/pages/Dr-John-M-Baten-MD-FACOG/1583442661917651,John M Baten
Women's Health Specialists,http://www.whsobgyn.com,"Sherri X Li, Thomas G Stovall, Robert L Summitt, Jr., Vanessa M Givens, Frank W Ling, Margaret Z Summitt, Val Y Vogt"
Mid South Urology,http://www.midsouthurology.com/,Yair Walzer
Midtown Urology, ,Jenelle E Foote
"Kathleen O. Edmunds, MD",http://www.edmundsgynecology.com,Kathleen O. Edmunds
Prestige Healthcare OBGYN,http://www.prestigehealthcareatlanta.com,"Lorenza A Simmons, Charis J Trench-Simmons"
Oxford Clinic For Women - The Spa @ OCW, ,"Ronald B  Smith, Jerry  K Martin, William E Henderson"
Institute for Female Pelvic Medicine,http://mypelvicmedicine.com/,Jeffrey R Dell
GYN Health of Upstate ,http://www.monalisatouchofgreenville.com,Tamela Keller
Center for Pelvic Health,http://www.centerforpelvichealth.org,"Yoshie Darnall, Barry Jarnagin, Ashley C Brouwer"
"Phoenix Women's Health, LLC",http://www.phxwomenshealthllc.com,"Hugh Bailey, Zania B. Narcisse"
Southern Crescent Women's Healthcare,http://www.scwhobgyn.com,"Elizabeth W.  Killebrew, Benita L.  Bonser, Cynthia A.  Nater, Edwin Bello, Deborah Shepard, Tanya Beckford, W. Darrell Martin, Sharon A. Lynch-Miller, Crystal O. Slade, Michlene Broadney, Heather Turner, Kristie Dyson, Kimberly Cross"
Dr Vick's LA Medical Spa,http://www.drvickslamedicalspa.com,"Maurice M Vick, Jr"
Women's Health Specialists of North Atlanta, ,Ann Cha
Mid-South OBGYN,/midsouthobgyn,Thomas D. Greenwell
Baptist Health Medical Group OBGYN, ,"S.Blair Tolar, Amber Savells, Matthew Sublette"
Southern Women's Care ,http://www.tnswcare.com,Alisa R Bowersock
"The Women's Pavilion, PSC",http://www.thewomenspavilion.com,"Andrea B Moore, Angela M Dawson"
ObGyne Consultants,http://www.obgyneconsultants.com,"Lydia Langston, Bola Sogade"
"GULF COAST GYNECOLOGY, PA - ANN NGUYEN, M.D.", ,ANN T NGUYEN
Partlow Harbin & Poist Ob/Gyn,http://www.phpobgyn.com,"David B. Partlow, Jr."
Walker Women's Specialists, ,"Bridget S Brunner, Talia J Gates, LoRissia R Autery"
North Florida Women's Care,http://www.NFLWC.com,"Robert Ashmore, Alexander Franz, Kenneth McAlpine, Lori  Rosenberg, Arthur Clements, Alexander J Brickler, Andrea Friall, Vikki McKinnie, Christopher Sundstrom"
Dr. Elizabeth LaRoche, ,"Kathleen M Rosenhagen, Elizabeth R  LaRoche"
The Nancy Vick Center for Women,http://DrVick.com,"Amy D Brackins, George W Vick"
Glow Anti-Aging Center and Medical Spa,http://www.agelessglowspa.com,"Anne Cease, Jessi Sellers, Hughan  RH Frederick, Lori Sheffield"
Southeast Urogynecology,http://www.seug.com,"Steven Speights, Robert Harris"
OBGyn Associates of St. Augustine,http://obgynstaugustine.com,"Thomas Searle, Barbara Dembek, Susan Yarian, Kelly Jago"
Oxford Ob/Gyn Associates,http://www.oxfordobgyn.com/,"Gregory O Patton, Glenn Hunt, Julie G Harper"
"Ladies First Obstetrics & Gynecology of Dothan, Inc. ",http://www.ladiesfirstwiregrass.com,"LaToya Walton-Torrence, Asha Voss"
Places South, ,Denise Pecht
"Athens Area Urology, P.C. - Ellison, Walton & Byrne ",http://www.ewb-urology.com,"Gary  R. Walton, Matthew C. Steele, Mark  F. Ellison, Robert R. Byrne"
"Sexual Health Excellence, LLC",http://www.NASHVILLEMONALISATOUCH.COM,BARBARA J NYLANDER
