Clinic,Link,Doctor
Chelsea Medicine and Laser,http://www.chelsealaser.com,Diane Howlin
Miami County OB-GYN & Associates,http://www.miamicountobgyn.com,Daniel J Dilworth
"Women's Health Consultants, PLC",http://www.whcobgyn.com,"Virginia A Battel, Jennifer I Kaplan, Alvin M Schoenberger, Lester J Voutsos, Jeanne B Debono, Michelle A Herman, David I Lipschutz, Keri J Thompson"
Baptist Health Medical Group OBGYN, ,"S.Blair Tolar, Amber Savells, Matthew Sublette"
Eastwind Women's Health, ,"Shayne P Rheaume, Jennifer Allen, Amol Arora, Sindura Bandi"
Dupage Medical Group, ,"Nanette James-Patrick, Tiphne Sharpe, Dexter Arrington, Shaunda Chin-Bonds"
Center for Gynecology and Cosmetics,http://www.cgcchicago.com,Sameena Rahman
"Franklin Healthcare for Women, PLLC",http://www.franklinhealthcareforwomen.com,Tracy A Nims
"Tennessee Urology Associates, PLLC", ,Brian Parker
Total Woman Care,http://www.totalwomancare.net,"Diane Moon, Peter F McIlveen"
"Moundview OB/GYN, Inc.",http://Moundviewobgyninc.com,"Maureen Y Yablonski, Karen L Smith-Silone"
Premiere Center for Health and Wellness,http://www.premierecenterforhealthandwellness.com,"Sally Lake, Linda C Evans, JoAnn Videtto"
Riverside OBGYN,http://www.riverside-obgyn.com,"Tammy Vo-Mota, Ahmad I Al-Jerdi"
Forever Young Aesthetics - Ohio,http://www.drpatmd.net,Patrick  H. Macedonia
Biltmore OB-Gyn,http://www.biltmoreob-gyn.com/,Stacy Travis
Lexington Ob Gyn Associates,http://Lexingtonobgyn.com,"Olson Parrott, Lynne O. Simms, Julie Ashmun, Randal W. Owen, Tom Adkins, Karen Schell, Kara  O. Wells"
Ohio Laser & Wellness Centers,http://www.wellaser.com/pages/MonaLisa,Orafu Chinyere
Urology Associates PC - WISH,http://www.wishnashville.com/,"Vikki F Pedigo, Brooke M Faught"
Om Spa,http://www.omdayspa.com,
Associated Urologists, ,Harriette Scarpero
"All Woman, PLLC ",http://www.drapriltillery.com,April M. Tillery
Raby Institute for Integrative Medicine at Northwestern,http://www.rabyintegrativemedicine.com/pages/our_services/4.php,"Theri Greigo Raby, Michelle Goebel-Angel, Katherine Thurer, Dominic Patawaran, Marc Margiotta"
Michigan Institute of Urology,http://www.michiganurology.com,"Amy Brode, Melissa Fischer"
"Lauren Streicher, MD",/%C2%A0nmvaginalhealth.nm.org,Lauren F Streicher
"Anthony J. Gingo, Jr., MD", ,Anthony J Gingo
"Kathleen O. Edmunds, MD",http://www.edmundsgynecology.com,Kathleen O. Edmunds
Urology of Indiana,http://urologyin.com/,"Martina Mutone, Kathryn  Copeland"
"All Women OB/GYN, PSC",http://www.allwomenobgyn.com,"Amy Deeley, Aimee  Paul, Rachel Thompson, Lisa Crawford, Elena Salerno, Tanika Taylor"
Institute for Female Pelvic Medicine,http://mypelvicmedicine.com/,Jeffrey R Dell
Obstetrical and Gynecological Associates,http://www.monalisatouchoga.com,"Crystal A Strickland, Jennifer L Murphy"
Land Aesthetics,http://www.landaesthetics.com,Spencer Land
Womens Gynecologic Associates,http://www.wgapittsburgh.com,Karen E Rehder
Southern Women's Care ,http://www.tnswcare.com,Alisa R Bowersock
"The Women's Pavilion, PSC",http://www.thewomenspavilion.com,"Andrea B Moore, Angela M Dawson"
The Christ Hospital Physicians,http://www.thechristhospital.com/,Mickey Karram
Anita Spirek MD PLLC ,http://www.anitaspirekmd.com,Anita  J Spirek
St Clair Shores OB/GYN,http://www.scsobgyn.com,Constantine Raphtis
Contemporary Obstetrics & Gynecology P.C.,http://www.ContemporaryDoctors.com,"Dawn Goulding, Daniel Greene, Kelly  Gumbrecht, Brian K. Reedy, Andrea  Blake, Sapna Murthy, Gouri Pimputkar"
Women's Healthcare of Illinois,http://www.whcillinois.com,Kenneth Finkelstein
Advanced Women's Health of Chicago,http://www.awhchicago.com,Sue B Kafali
The Urology Group,http://www.urologygroup.com,
Dr. David Patton,http://www.getsculptedwv.com,David Patton
Women's Health Services,http://www.cookevillemonalisatouch.com,Michael P. Casal
Northeast Ohio Urogynecology,http://www.akronurogynecology.com,Mary M South
Women's Surgery Center,http://www.womenssurgerycentertn.com,"Honiko J Morrison, Robert  S Furr"
ADVANCED WOMEN'S CARE, ,"Tara D Winchester, Antoine T El-Hayek"
Graves Gilbert Clinic,http://gravesgilbert.com/,Mark J Yurchisin
"Bernard J. Luby, M.D. Inc. ",http://www.bjlubymd.com,Bernard J Luby
"Columbus Obstetricians-Gynecologists, Inc.",http://www.columbusobgyn.com,"Dorrie Friday, Maddie Kurup"
"Premier Gynecology, Inc.",http://www.premiergynecology.com,JoAnn  Krivetzky
Maureen B. Conroy D.O., ,Maureen B. Conroy
Fort Sanders Women's Specialists,http://fswomensspecialists.com,G. Walton Smith
Associates in Women's Health ,http://www.monalisatouchcincinnati.com,Rick Valido
NWO CENTER FOR UROGYNECOLOGY & WOMEN'S HEALTH, ,ANDREW J CROAK
"Columbia Women's Clinic, LLC",http://columbiawomensclinic.com,Christine Hargrove-Staley
"Women's Health for Life, Inc.",http://www.womenshealthforlife.com,"Michelle Coates, Jennifer F Niesen"
Contemporary Women's Health Medi-Spa,http://www.cwhmedispa.com,"Ceeccy Yang, Kimberly Roberts"
Southwest Ohio Urogynecology,http://www.ketteringphysiciannetwork.org/practicehome.cfm?p=132,"Janelle Evans, Marc Ashby"
Paris Community Hospital/Family Medical Center,http://www.ParisCommunityHospital.com,Arturo  Menchaca
Southside OBGYN,http://www.southsideobgyn.com,"Jessica Bell, James Dunlop, Leslie  Foxlow, Jennifer McKay, Kara Morton, Michael Boothe, Bryan  Perkins, Jonathan  Lupton, Cherrell Triplett, Susan  Logsdon, Ruth  Ozug, Virginia  Takagi, Glenn Dobbs"
"Far Hills OB/GYN, Inc.",http://www.farhillsobgyn.com,"Carolyn H Kennebeck, Shannon  N McAfee, Jennifer  A Mittlestead, John  M Shie, Kelly L McCluskey, Samantha  E Houser"
"Dr. Samir A. Wahib, D.O.",http://drwahib.com/,
Northwestern Medicine,http://drstreicher.nm.org/,Lauren Streicher
Women's Health Specialists.,http://www.womenshealthspecialists.net,"Devin G Trevor, Karen S. Lyons, Manmeet K Sandhu"
Charlotte Center for Pelvic Health,http://www.MonaLisaCharlotte.com,John A Hettiarachchi
Women’s Wellness World SC, ,Monique D. Jones
James L Fernau MD at Accent on Body,http://www.drjamesfernau.com,James L Fernau
Center for Pelvic Health,http://www.centerforpelvichealth.org,"Yoshie Darnall, Barry Jarnagin, Ashley C Brouwer"
Michelle Jones Singer MD LLC,http://michellejonessinger.com,Michelle Jones Singer
"Hada Cosmetic Medicine, LLC",http://hadacm.com,"Meghan Craig, Corisa Moore, Janie  Calle, Tiffany Hopper, Suzanne  Trupin, Alison  Kietzman, Jody Randolph, Erica Jones, Melissa Pinner"
Pelvic Health Program St.Vincent Carmel, ,"Julie  S Schnieders, Cara  Berg- Raunick"
Women's Care Inc.,http://www.wcareinc.com,"Edroy J McMillan, Michael J  Subit, A H Wilson, Allison M  Pruett, Elizabeth S. Chung"
"First Urology, PSC",http://www.1sturologymonalisatouch.com,Hal Rosenbaum
"Kimberly Kraus, MD",http://www.monalisatouchcleveland.com,Kimberly Kraus
River of Light Ob-Gyn,http://www.riveroflightobgyn.com,James K Matheson
Dr. Vipal K. Arora M.D. FACOG,http://www.monalisatouchmidwest.com,Vipal K. Arora
Rita P. Eckenrode M.D. P.C., ,Rita P Eckenrode
Effingham Obstetrics & Gynecology Associates LLC,http://www.effinghamobgyn.com,"Jennifer Dust, Millie Nelson, Nichole Suckow, Kelly Haller, Dawn McDaid, Jeff Whightsel, Stefani Beverlin"
Dr. Elizabeth LaRoche, ,"Kathleen M Rosenhagen, Elizabeth R  LaRoche"
The Nancy Vick Center for Women,http://DrVick.com,"Amy D Brackins, George W Vick"
Dr Rebecca Hanigosky, ,Rebecca Hanigosky
Paint Creek Laser and Vaginal Wellness Center,http://Paintcreekobgyn.com,"Anu Vansadia, Thomas P  Wolfe"
Oasis OB GYN,http://Oasisobgyn.com,Cynthia  M Harris
Central Ohio Urology Group,http://www.centralohiourology.com/,"Michael  Gambla, Michelle Bennett, James Carey, Linda Osborne, Amanda Scalise"
Basinski & Juran MDs,http://www.basinskiandjuran.com,"Rupal S Juran, Cindy M Basinski"
Mercy Health - West Hospital,http://e-mercy.com/west-hospital,Michael Karram
Findlay MedSpa,http://www.FindlayMedSpa.com,Carmen Doty-Armstrong
Revitalize Medical Laser Centre,http://www.revitalizelasercentre.ca,"John E Tomc, Brad Jasey, Rahi Victory, Gregory A Hasen, Michelle Suga, Jenna Rawlins"
"Sexual Health Excellence, LLC",http://www.NASHVILLEMONALISATOUCH.COM,BARBARA J NYLANDER
