Clinic,Link,Doctor
Chelsea Medicine and Laser,http://www.chelsealaser.com,Diane Howlin
Miami County OB-GYN & Associates,http://www.miamicountobgyn.com,Daniel J Dilworth
"Women's Health Consultants, PLC",http://www.whcobgyn.com,"Virginia A Battel, Jennifer I Kaplan, Alvin M Schoenberger, Lester J Voutsos, Jeanne B Debono, Michelle A Herman, David I Lipschutz, Keri J Thompson"
Central Ohio Urology Group,http://www.centralohiourology.com/,"Michael  Gambla, Michelle Bennett, James Carey, Linda Osborne, Amanda Scalise"
Eastwind Women's Health, ,"Shayne P Rheaume, Jennifer Allen, Amol Arora, Sindura Bandi"
Dupage Medical Group, ,"Nanette James-Patrick, Tiphne Sharpe, Dexter Arrington, Shaunda Chin-Bonds"
Center for Gynecology and Cosmetics,http://www.cgcchicago.com,Sameena Rahman
"Grand Blanc Obstetrics & Gynecology, P.C. ",http://www.drscottmonalisatouch.com,Mattie M Scott
ADVANCED WOMEN'S CARE, ,"Tara D Winchester, Antoine T El-Hayek"
"Moundview OB/GYN, Inc.",http://Moundviewobgyninc.com,"Maureen Y Yablonski, Karen L Smith-Silone"
"Premier Gynecology, Inc.",http://www.premiergynecology.com,JoAnn  Krivetzky
Midwest OB/GYN & Midwifery ,http://midwestobgynmidwifery.com,MARIUSZ  T KOZIOL
Riverside OBGYN,http://www.riverside-obgyn.com,"Tammy Vo-Mota, Ahmad I Al-Jerdi"
Dr. Dragana Matanovic-Todorovic, ,Dragana  Matanovic-Todorovic
Forever Young Aesthetics - Ohio,http://www.drpatmd.net,Patrick  H. Macedonia
Lexington Ob Gyn Associates,http://Lexingtonobgyn.com,"Olson Parrott, Lynne O. Simms, Julie Ashmun, Randal W. Owen, Tom Adkins, Karen Schell, Kara  O. Wells"
Valley View Dermatology and Aesthetics- Lewis Gale Physicians, ,Larry W Patton
Ohio Laser & Wellness Centers,http://www.wellaser.com/pages/MonaLisa,Orafu Chinyere
Om Spa,http://www.omdayspa.com,
Komer Women's Health Centre,http://drkomer.com,Lawrence D. Komer
"All Woman, PLLC ",http://www.drapriltillery.com,April M. Tillery
Raby Institute for Integrative Medicine at Northwestern,http://www.rabyintegrativemedicine.com/pages/our_services/4.php,"Theri Greigo Raby, Michelle Goebel-Angel, Katherine Thurer, Dominic Patawaran, Marc Margiotta"
Michigan Institute of Urology,http://www.michiganurology.com,"Amy Brode, Melissa Fischer"
"Lauren Streicher, MD",/%C2%A0nmvaginalhealth.nm.org,Lauren F Streicher
"Anthony J. Gingo, Jr., MD", ,Anthony J Gingo
"Kathleen O. Edmunds, MD",http://www.edmundsgynecology.com,Kathleen O. Edmunds
Urology of Indiana,http://urologyin.com/,"Martina Mutone, Kathryn  Copeland"
"All Women OB/GYN, PSC",http://www.allwomenobgyn.com,"Amy Deeley, Aimee  Paul, Rachel Thompson, Lisa Crawford, Elena Salerno, Tanika Taylor"
Institute for Female Pelvic Medicine,http://mypelvicmedicine.com/,Jeffrey R Dell
Obstetrical and Gynecological Associates,http://www.monalisatouchoga.com,"Crystal A Strickland, Jennifer L Murphy"
Contemporary Women's Health Medi-Spa,http://www.cwhmedispa.com,"Ceeccy Yang, Kimberly Roberts"
Land Aesthetics,http://www.landaesthetics.com,Spencer Land
Womens Gynecologic Associates,http://www.wgapittsburgh.com,Karen E Rehder
"The Women's Pavilion, PSC",http://www.thewomenspavilion.com,"Andrea B Moore, Angela M Dawson"
SOFT Southern Ontario Fertility Technologies,http://www.soft-infertility.com,Dr. Martin
DR. GONZALO FERNANDO ZEVALLOS,http://www.herhealth.ca,Gonzalo F Zevallos
Rita P. Eckenrode M.D. P.C., ,Rita P Eckenrode
Anita Spirek MD PLLC ,http://www.anitaspirekmd.com,Anita  J Spirek
Simply Skin Medical Spa,http://www.skinandlegs.com,Cynthia L. Hoffmeier
St Clair Shores OB/GYN,http://www.scsobgyn.com,Constantine Raphtis
Contemporary Obstetrics & Gynecology P.C.,http://www.ContemporaryDoctors.com,"Dawn Goulding, Daniel Greene, Kelly  Gumbrecht, Brian K. Reedy, Andrea  Blake, Sapna Murthy, Gouri Pimputkar"
Advanced Women's Health of Chicago,http://www.awhchicago.com,Sue B Kafali
The Urology Group,http://www.urologygroup.com,
Dr. David Patton,http://www.getsculptedwv.com,David Patton
Northeast Ohio Urogynecology,http://www.akronurogynecology.com,Mary M South
Blue Ridge Urogynecology, ,Melissa Zimmerman
"Bernard J. Luby, M.D. Inc. ",http://www.bjlubymd.com,Bernard J Luby
"Columbus Obstetricians-Gynecologists, Inc.",http://www.columbusobgyn.com,"Dorrie Friday, Maddie Kurup"
Premiere Center for Health and Wellness,http://www.premierecenterforhealthandwellness.com,"Sally Lake, Linda C Evans, JoAnn Videtto"
Maureen B. Conroy D.O., ,Maureen B. Conroy
Fort Sanders Women's Specialists,http://fswomensspecialists.com,G. Walton Smith
Associates in Women's Health ,http://www.monalisatouchcincinnati.com,Rick Valido
NWO CENTER FOR UROGYNECOLOGY & WOMEN'S HEALTH, ,ANDREW J CROAK
Naperville Women's Healthcare,http://www.n-wh.org,"Liana Lucaric, Patricia Tagamolila, Michele Carney, Meghan  Flannery"
"Women's Health for Life, Inc.",http://www.womenshealthforlife.com,"Michelle Coates, Jennifer F Niesen"
Institute for Hormonal Health,http://www.hormonalhealth.ca,Kristy A Prouse
Graves Gilbert Clinic,http://gravesgilbert.com/,Mark J Yurchisin
Southwest Ohio Urogynecology,http://www.ketteringphysiciannetwork.org/practicehome.cfm?p=132,"Janelle Evans, Marc Ashby"
Paris Community Hospital/Family Medical Center,http://www.ParisCommunityHospital.com,Arturo  Menchaca
Southside OBGYN,http://www.southsideobgyn.com,"Jessica Bell, James Dunlop, Leslie  Foxlow, Jennifer McKay, Kara Morton, Michael Boothe, Bryan  Perkins, Jonathan  Lupton, Cherrell Triplett, Susan  Logsdon, Ruth  Ozug, Virginia  Takagi, Glenn Dobbs"
"Far Hills OB/GYN, Inc.",http://www.farhillsobgyn.com,"Carolyn H Kennebeck, Shannon  N McAfee, Jennifer  A Mittlestead, John  M Shie, Kelly L McCluskey, Samantha  E Houser"
"Dr. Samir A. Wahib, D.O.",http://drwahib.com/,
Northwestern Medicine,http://drstreicher.nm.org/,Lauren Streicher
Women's Health Specialists.,http://www.womenshealthspecialists.net,"Devin G Trevor, Karen S. Lyons, Manmeet K Sandhu"
Michigan ObGyn ,http://www.michiganobgyn.com,Monica  Dusnik
Charlotte Center for Pelvic Health,http://www.MonaLisaCharlotte.com,John A Hettiarachchi
Women’s Wellness World SC, ,Monique D. Jones
James L Fernau MD at Accent on Body,http://www.drjamesfernau.com,James L Fernau
Michelle Jones Singer MD LLC,http://michellejonessinger.com,Michelle Jones Singer
"Hada Cosmetic Medicine, LLC",http://hadacm.com,"Meghan Craig, Corisa Moore, Janie  Calle, Tiffany Hopper, Suzanne  Trupin, Alison  Kietzman, Jody Randolph, Erica Jones, Melissa Pinner"
Pelvic Health Program St.Vincent Carmel, ,"Julie  S Schnieders, Cara  Berg- Raunick"
Dr. N. Beyani , ,Nambizi Beyani-Mulaisho
Elkelani Medicine Professional Corporation, ,Saad Elkelani
Women's Care Inc.,http://www.wcareinc.com,"Edroy J McMillan, Michael J  Subit, A H Wilson, Allison M  Pruett, Elizabeth S. Chung"
"First Urology, PSC",http://www.1sturologymonalisatouch.com,Hal Rosenbaum
"Kimberly Kraus, MD",http://www.monalisatouchcleveland.com,Kimberly Kraus
River of Light Ob-Gyn,http://www.riveroflightobgyn.com,James K Matheson
The Christ Hospital Physicians,http://www.thechristhospital.com/,Mickey Karram
Total Woman Care,http://www.totalwomancare.net,"Diane Moon, Peter F McIlveen"
Women's Healthcare of Illinois,http://www.whcillinois.com,Kenneth Finkelstein
Dr Rebecca Hanigosky, ,Rebecca Hanigosky
Women First Gynecology,http://www.womenfirstva.com,Heather Reese
Paint Creek Laser and Vaginal Wellness Center,http://Paintcreekobgyn.com,"Anu Vansadia, Thomas P  Wolfe"
The Nancy Vick Center for Women,http://DrVick.com,"Amy D Brackins, George W Vick"
Basinski & Juran MDs,http://www.basinskiandjuran.com,"Rupal S Juran, Cindy M Basinski"
Mercy Health - West Hospital,http://e-mercy.com/west-hospital,Michael Karram
Findlay MedSpa,http://www.FindlayMedSpa.com,Carmen Doty-Armstrong
Revitalize Medical Laser Centre,http://www.revitalizelasercentre.ca,"John E Tomc, Brad Jasey, Rahi Victory, Gregory A Hasen, Michelle Suga, Jenna Rawlins"
Dr. Vipal K. Arora M.D. FACOG,http://www.monalisatouchmidwest.com,Vipal K. Arora
