Clinic,Link,Doctor
Chelsea Medicine and Laser,http://www.chelsealaser.com,Diane Howlin
Miami County OB-GYN & Associates,http://www.miamicountobgyn.com,Daniel J Dilworth
"Women's Health Consultants, PLC",http://www.whcobgyn.com,"Virginia A Battel, Jennifer I Kaplan, Alvin M Schoenberger, Lester J Voutsos, Jeanne B Debono, Michelle A Herman, David I Lipschutz, Keri J Thompson"
Capital Women's Care,http://www.cwc44bethesda.com,"John A Gschwend, Deena A Klienerman, Lewis R Townsend, Joyce E Brody"
Central Ohio Urology Group,http://www.centralohiourology.com/,"Michael  Gambla, Michelle Bennett, James Carey, Linda Osborne, Amanda Scalise"
Eastwind Women's Health, ,"Shayne P Rheaume, Jennifer Allen, Amol Arora, Sindura Bandi"
Mount Sinai Hospital Joseph and Wolf Lebovic Health Complex, ,Peter Lee
"Grand Blanc Obstetrics & Gynecology, P.C. ",http://www.drscottmonalisatouch.com,Mattie M Scott
ADVANCED WOMEN'S CARE, ,"Tara D Winchester, Antoine T El-Hayek"
"Moundview OB/GYN, Inc.",http://Moundviewobgyninc.com,"Maureen Y Yablonski, Karen L Smith-Silone"
"Premier Gynecology, Inc.",http://www.premiergynecology.com,JoAnn  Krivetzky
Prince William Urology, ,"Andrew Chung, Ali Sajadi"
Riverside OBGYN,http://www.riverside-obgyn.com,"Tammy Vo-Mota, Ahmad I Al-Jerdi"
Dr. Dragana Matanovic-Todorovic, ,Dragana  Matanovic-Todorovic
Forever Young Aesthetics - Ohio,http://www.drpatmd.net,Patrick  H. Macedonia
Ohio Laser & Wellness Centers,http://www.wellaser.com/pages/MonaLisa,Orafu Chinyere
Lexington Ob Gyn Associates,http://Lexingtonobgyn.com,"Olson Parrott, Lynne O. Simms, Julie Ashmun, Randal W. Owen, Tom Adkins, Karen Schell, Kara  O. Wells"
Michigan Institute of Urology,http://www.michiganurology.com,"Amy Brode, Melissa Fischer"
"Kimberly Kraus, MD",http://www.monalisatouchcleveland.com,Kimberly Kraus
Om Spa,http://www.omdayspa.com,
Komer Women's Health Centre,http://drkomer.com,Lawrence D. Komer
"All Woman, PLLC ",http://www.drapriltillery.com,April M. Tillery
"Anthony J. Gingo, Jr., MD", ,Anthony J Gingo
"Columbus Obstetricians-Gynecologists, Inc.",http://www.columbusobgyn.com,"Dorrie Friday, Maddie Kurup"
Urology of Indiana,http://urologyin.com/,"Martina Mutone, Kathryn  Copeland"
Maryland Urogynecology, ,Thao Nguyen
"Penfield OB-GYN, LLP",http://www.penfieldobgyn.com,"Johann Piquion, Mary Andrea Dela Torre, Waldemar Klimek, Tariq Qureshi, Rahul Laroia"
Obstetrical and Gynecological Associates,http://www.monalisatouchoga.com,"Crystal A Strickland, Jennifer L Murphy"
Lakeside Medical, ,Vasilios Kavouris
Womens Gynecologic Associates,http://www.wgapittsburgh.com,Karen E Rehder
SOFT Southern Ontario Fertility Technologies,http://www.soft-infertility.com,Dr. Martin
Rita P. Eckenrode M.D. P.C., ,Rita P Eckenrode
Beckerman Womens Health,http://beckermangyn.com,Tobie Beckerman
Anita Spirek MD PLLC ,http://www.anitaspirekmd.com,Anita  J Spirek
Simply Skin Medical Spa,http://www.skinandlegs.com,Cynthia L. Hoffmeier
St Clair Shores OB/GYN,http://www.scsobgyn.com,Constantine Raphtis
Contemporary Obstetrics & Gynecology P.C.,http://www.ContemporaryDoctors.com,"Dawn Goulding, Daniel Greene, Kelly  Gumbrecht, Brian K. Reedy, Andrea  Blake, Sapna Murthy, Gouri Pimputkar"
Potomac Obstetrics & Gynecology,http://www.potomacobgyn.com,"Leslie B. Masiky, Eric M. Ashkin, Aliya P. Poshni"
Dr. Fay Weisberg, ,Fay Weisberg
Evgeniya Fefelova, ,Evgeniya Fefelova
Southwest Ohio Urogynecology,http://www.ketteringphysiciannetwork.org/practicehome.cfm?p=132,"Janelle Evans, Marc Ashby"
Grube Gynecology Healthy Hormones,https://www.vitadox.com/frackville/pa/17931/timothy-grube-do.html,Timothy G Grube
Rejuvenate at Capital Women's Care of Howard County,http://www.cwchowardcounty.com,"Alyssa Larimore, Julie  A Pistorio, Jean C Hundley, Sandra Wittholtz"
The Urology Group,http://www.urologygroup.com,
Dr. David Patton,http://www.getsculptedwv.com,David Patton
Northeast Ohio Urogynecology,http://www.akronurogynecology.com,Mary M South
Dr. P. Joutsi,http://www.drpjoutsi.com,Pentti A Joutsi
"Bernard J. Luby, M.D. Inc. ",http://www.bjlubymd.com,Bernard J Luby
"Rochester Gynecologic and Obstetric Associates, PC",http://www.rgoa.com,David  L Gandell
Premiere Center for Health and Wellness,http://www.premierecenterforhealthandwellness.com,"Sally Lake, Linda C Evans, JoAnn Videtto"
Maureen B. Conroy D.O., ,Maureen B. Conroy
"Fairfax OBGYN Associates, P.C.",http://www.fairfaxobgyn.com,"Leonard Rosen, Melissa Rogina, Robert Castle, Melodi Wilson"
Associates in Women's Health ,http://www.monalisatouchcincinnati.com,Rick Valido
NWO CENTER FOR UROGYNECOLOGY & WOMEN'S HEALTH, ,ANDREW J CROAK
"Dr. Joanne Herrman, MD, Gynecology",http://www.drherrman.com,Joanne Herrman
"Women's Health for Life, Inc.",http://www.womenshealthforlife.com,"Michelle Coates, Jennifer F Niesen"
Institute for Hormonal Health,http://www.hormonalhealth.ca,Kristy A Prouse
SpaMedica,http://www.spamedica.com,Stephen Mulholland
Dr. Hajek & Dr. Kreichman, ,"Dr Kreichman, David Hajek"
"Capital Women's Care, Frederick OB/GYN",http://WWW.CWCFREDERICK.COM,Gerrit Schipper
DR. GONZALO FERNANDO ZEVALLOS,http://www.herhealth.ca,Gonzalo F Zevallos
Southside OBGYN,http://www.southsideobgyn.com,"Jessica Bell, James Dunlop, Leslie  Foxlow, Jennifer McKay, Kara Morton, Michael Boothe, Bryan  Perkins, Jonathan  Lupton, Cherrell Triplett, Susan  Logsdon, Ruth  Ozug, Virginia  Takagi, Glenn Dobbs"
"Far Hills OB/GYN, Inc.",http://www.farhillsobgyn.com,"Carolyn H Kennebeck, Shannon  N McAfee, Jennifer  A Mittlestead, John  M Shie, Kelly L McCluskey, Samantha  E Houser"
"Dr. Samir A. Wahib, D.O.",http://drwahib.com/,
Michigan ObGyn ,http://www.michiganobgyn.com,Monica  Dusnik
Center for Advanced Gyn & Urogynecology,http://www.centerforadvancedgyn.com,Shobha Sikka
James L Fernau MD at Accent on Body,http://www.drjamesfernau.com,James L Fernau
Michelle Jones Singer MD LLC,http://michellejonessinger.com,Michelle Jones Singer
Premier OBGYN, ,"Susan Erk, Mehmet Erk"
Pelvic Health Program St.Vincent Carmel, ,"Julie  S Schnieders, Cara  Berg- Raunick"
Dr. N. Beyani , ,Nambizi Beyani-Mulaisho
Elkelani Medicine Professional Corporation, ,Saad Elkelani
Women's Care Inc.,http://www.wcareinc.com,"Edroy J McMillan, Michael J  Subit, A H Wilson, Allison M  Pruett, Elizabeth S. Chung"
Rubabaza Medical, ,
Dr. Susan Benzaquen Professional Corporporation, ,Susan Benzaquen
River of Light Ob-Gyn,http://www.riveroflightobgyn.com,James K Matheson
The Christ Hospital Physicians,http://www.thechristhospital.com/,Mickey Karram
"ReNew You a division of Capital Women's Care, LLC",http://www.renewyoutoday.net,"George  Resta, Laurie Tyau, Randolph  Lizardo, M. Heather  Sine"
Dr Rebecca Hanigosky, ,Rebecca Hanigosky
Women First Gynecology,http://www.womenfirstva.com,Heather Reese
Rockville Gynecology,http://www.RockvilleGynecology.com,"Astrid von Walter Gonzalez, Carolynn Young, Tosha Luchtefeld, MS, FNP-BC"
Paint Creek Laser and Vaginal Wellness Center,http://Paintcreekobgyn.com,"Anu Vansadia, Thomas P  Wolfe"
Tchabo Care Obstetrics and Gynecology, ,Jean Tchabo
Mercy Health - West Hospital,http://e-mercy.com/west-hospital,Michael Karram
DuPont Institue for Laser Aesthetics, ,Mary C DuPont
Findlay MedSpa,http://www.FindlayMedSpa.com,Carmen Doty-Armstrong
Revitalize Medical Laser Centre,http://www.revitalizelasercentre.ca,"John E Tomc, Brad Jasey, Rahi Victory, Gregory A Hasen, Michelle Suga, Jenna Rawlins"
Foxhall OB-Gyn Associates, ,"Sharon D Malone, Maro Sarafian, Shannon  B Green, Tara S Abraham, Marilyn C Jerome, Richard Beckerman, Nichole A Pardo, Lynne Lightfoote, Shawn Davis-Wilenskyy"
