Clinic,Link,Doctor
Chelsea Medicine and Laser,http://www.chelsealaser.com,Diane Howlin
Miami County OB-GYN & Associates,http://www.miamicountobgyn.com,Daniel J Dilworth
"Women's Health Consultants, PLC",http://www.whcobgyn.com,"Virginia A Battel, Jennifer I Kaplan, Alvin M Schoenberger, Lester J Voutsos, Jeanne B Debono, Michelle A Herman, David I Lipschutz, Keri J Thompson"
Contemporary Obstetrics & Gynecology Women's Care Center LLC,http://contemporary-obgyn.com,"Rose Wallace, May Yazeji"
WomanCare P.C., ,"Carl D. Cucco, Michelle  M Luthringshausen, Tina Sardarov, Rebecca Keith, Lori L. Anderson"
Wayzata Cosmetic Surgery and Spa,http://www.wayzatacosmeticsurgery.com,Lisa Erhard
"Randy Zimmerman M.D., P.C.",http://www.DrRandyZimmerman.com,Randy Zimmerman
Dupage Medical Group, ,"Nanette James-Patrick, Tiphne Sharpe, Dexter Arrington, Shaunda Chin-Bonds"
St Clair Shores OB/GYN,http://www.scsobgyn.com,Constantine Raphtis
"Bay View Obstetrics & Gynecology, PC",http://www.bayviewob.com,"Kara E Cockfield, Eve  M Rider, Kendra  L Johnson"
Center for Gynecology and Cosmetics,http://www.cgcchicago.com,Sameena Rahman
Partners in Pelvic Health (North Shore Urogynecology),http://partnersinpelvichealth.com,Sanjay Gandhi
"Grand Blanc Obstetrics & Gynecology, P.C. ",http://www.drscottmonalisatouch.com,Mattie M Scott
"Moundview OB/GYN, Inc.",http://Moundviewobgyninc.com,"Maureen Y Yablonski, Karen L Smith-Silone"
Michigan ObGyn ,http://www.michiganobgyn.com,Monica  Dusnik
Women and Adolescents Gynecology Center,http://www.womenandadolescentsgynecology.com,E. Barbara Grazette
Midwest OB/GYN & Midwifery ,http://midwestobgynmidwifery.com,MARIUSZ  T KOZIOL
Southwest Ohio Urogynecology,http://www.ketteringphysiciannetwork.org/practicehome.cfm?p=132,"Janelle Evans, Marc Ashby"
Riverside OBGYN,http://www.riverside-obgyn.com,"Tammy Vo-Mota, Ahmad I Al-Jerdi"
Northwestern Medicine,http://drstreicher.nm.org/,Lauren Streicher
The Urology Group,http://www.urologygroup.com,
Premiere Center for Health and Wellness,http://www.premierecenterforhealthandwellness.com,"Sally Lake, Linda C Evans, JoAnn Videtto"
"Clinic of OB/GYN, Ltd",http://clinicofobgyn.com,Glenda M. Lee
"West Des Moines Ob/Gyn Associates, P.C.",http://www.wdmobgyn.com,"Julia Lange, Sarah Massey, Jennifer Booth, Rani Makkapati"
Associates in Women's Health ,http://www.monalisatouchcincinnati.com,Rick Valido
NWO CENTER FOR UROGYNECOLOGY & WOMEN'S HEALTH, ,ANDREW J CROAK
Naperville Women's Healthcare,http://www.n-wh.org,"Liana Lucaric, Patricia Tagamolila, Michele Carney, Meghan  Flannery"
"Women's Health for Life, Inc.",http://www.womenshealthforlife.com,"Michelle Coates, Jennifer F Niesen"
The Christ Hospital Physicians,http://www.thechristhospital.com/,Mickey Karram
"Cedar Rapids, OB Gyn Specialists, PC",http://www.cr-obgyn.com,"Kristin Orr, Laura Lipsett, Amy Steger, Jason Rexroth, Brandon Bourgeous, Sashi Solomon, Jessica Arp"
Om Spa,http://www.omdayspa.com,
Mona Lisa Touch Barrington,http://MonaLisaTouchBarrington.com,Ann T Warren
Advanced Women's Health of Chicago,http://www.awhchicago.com,Sue B Kafali
Southside OBGYN,http://www.southsideobgyn.com,"Jessica Bell, James Dunlop, Leslie  Foxlow, Jennifer McKay, Kara Morton, Michael Boothe, Bryan  Perkins, Jonathan  Lupton, Cherrell Triplett, Susan  Logsdon, Ruth  Ozug, Virginia  Takagi, Glenn Dobbs"
"Far Hills OB/GYN, Inc.",http://www.farhillsobgyn.com,"Carolyn H Kennebeck, Shannon  N McAfee, Jennifer  A Mittlestead, John  M Shie, Kelly L McCluskey, Samantha  E Houser"
Raby Institute for Integrative Medicine at Northwestern,http://www.rabyintegrativemedicine.com/pages/our_services/4.php,"Theri Greigo Raby, Michelle Goebel-Angel, Katherine Thurer, Dominic Patawaran, Marc Margiotta"
"Lauren Streicher, MD",/%C2%A0nmvaginalhealth.nm.org,Lauren F Streicher
Westmoreland ObGyn Associates ,http://www.westmorelandobgyn.com,Kelley London
"Columbus Obstetricians-Gynecologists, Inc.",http://www.columbusobgyn.com,"Dorrie Friday, Maddie Kurup"
Urology of Indiana,http://urologyin.com/,"Martina Mutone, Kathryn  Copeland"
Women’s Wellness World SC, ,Monique D. Jones
Eastwind Women's Health, ,"Shayne P Rheaume, Jennifer Allen, Amol Arora, Sindura Bandi"
Obstetrical and Gynecological Associates,http://www.monalisatouchoga.com,"Crystal A Strickland, Jennifer L Murphy"
Land Aesthetics,http://www.landaesthetics.com,Spencer Land
"Hada Cosmetic Medicine, LLC",http://hadacm.com,"Meghan Craig, Corisa Moore, Janie  Calle, Tiffany Hopper, Suzanne  Trupin, Alison  Kietzman, Jody Randolph, Erica Jones, Melissa Pinner"
"Dr. Junith Thompson, MD", ,"Jennifer Arnold, Junith M Thompson"
Elkelani Medicine Professional Corporation, ,Saad Elkelani
Michigan Institute of Urology,http://www.michiganurology.com,"Amy Brode, Melissa Fischer"
Couri Center for Gynecology & Integrative Women's Health,http://www.couricenter.com,Michele Couri
"Teverbaugh, Croland, Mueller and Associates ",http://www.obgynofpeoria.com,Joshua A Croland
Michelle Jones Singer MD LLC,http://michellejonessinger.com,Michelle Jones Singer
Med Spa Women's Health Center / Dr. Samuel Botros,https://www.facebook.com/pages/Med-Spa-Womens-Health-Center/293098130791988,Samuel Botros
Women's Care Inc.,http://www.wcareinc.com,"Edroy J McMillan, Michael J  Subit, A H Wilson, Allison M  Pruett, Elizabeth S. Chung"
North Shore Urogynecology,http://www.partnersinpelvichealth.com/,Sanjay Gandhi
River of Light Ob-Gyn,http://www.riveroflightobgyn.com,James K Matheson
Rita P. Eckenrode M.D. P.C., ,Rita P Eckenrode
Effingham Obstetrics & Gynecology Associates LLC,http://www.effinghamobgyn.com,"Jennifer Dust, Millie Nelson, Nichole Suckow, Kelly Haller, Dawn McDaid, Jeff Whightsel, Stefani Beverlin"
Central Ohio Urology Group,http://www.centralohiourology.com/,"Michael  Gambla, Michelle Bennett, James Carey, Linda Osborne, Amanda Scalise"
Women's Healthcare of Illinois,http://www.whcillinois.com,Kenneth Finkelstein
"All Woman, PLLC ",http://www.drapriltillery.com,April M. Tillery
Contemporary Obstetrics & Gynecology P.C.,http://www.ContemporaryDoctors.com,"Dawn Goulding, Daniel Greene, Kelly  Gumbrecht, Brian K. Reedy, Andrea  Blake, Sapna Murthy, Gouri Pimputkar"
Des Moines OB/GYN specialists PC,http://dmobgynspecialist.com,Ross J Valone
ProHealth Care,http://www.ProHealthCare.org/Urogynecology,"Katherine Stevenson, Sarit Aschkenazi"
Paint Creek Laser and Vaginal Wellness Center,http://Paintcreekobgyn.com,"Anu Vansadia, Thomas P  Wolfe"
Pelvic Health Program St.Vincent Carmel, ,"Julie  S Schnieders, Cara  Berg- Raunick"
Paris Community Hospital/Family Medical Center,http://www.ParisCommunityHospital.com,Arturo  Menchaca
Mercy Health - West Hospital,http://e-mercy.com/west-hospital,Michael Karram
Findlay MedSpa,http://www.FindlayMedSpa.com,Carmen Doty-Armstrong
Revitalize Medical Laser Centre,http://www.revitalizelasercentre.ca,"John E Tomc, Brad Jasey, Rahi Victory, Gregory A Hasen, Michelle Suga, Jenna Rawlins"
Dr. Vipal K. Arora M.D. FACOG,http://www.monalisatouchmidwest.com,Vipal K. Arora
John G Christensen Jr MD FACS,http://www.ILUrology.com,John G Christensen Jr
