Clinic,Link,Doctor
Raby Institute for Integrative Medicine at Northwestern,http://www.rabyintegrativemedicine.com/pages/our_services/4.php,"Theri Greigo Raby, Michelle Goebel-Angel, Katherine Thurer, Dominic Patawaran, Marc Margiotta"
"Gina M. Harper-Harrison, M.D., F.A.C.O.G, NCMP ", ,Gina M. Harper-Harrison
Westmoreland ObGyn Associates ,http://www.westmorelandobgyn.com,Kelley London
Women's Health Care Center of Williamsburg,http://www.gsodocs.com,"Debra C Placek, Alecia S Lovegrove, Emily M Neri, Gene F Stohs, Jeffrey E Tomjack, Martee R MacLeod-Kozal"
Women’s Wellness World SC, ,Monique D. Jones
Contemporary Obstetrics & Gynecology Women's Care Center LLC,http://contemporary-obgyn.com,"Rose Wallace, May Yazeji"
WomanCare P.C., ,"Carl D. Cucco, Michelle  M Luthringshausen, Tina Sardarov, Rebecca Keith, Lori L. Anderson"
"Lauren Streicher, MD",/%C2%A0nmvaginalhealth.nm.org,Lauren F Streicher
Obstetrical and Gynecological Associates,http://www.monalisatouchoga.com,"Crystal A Strickland, Jennifer L Murphy"
"Randy Zimmerman M.D., P.C.",http://www.DrRandyZimmerman.com,Randy Zimmerman
Dupage Medical Group, ,"Nanette James-Patrick, Tiphne Sharpe, Dexter Arrington, Shaunda Chin-Bonds"
Land Aesthetics,http://www.landaesthetics.com,Spencer Land
Couri Center for Gynecology & Integrative Women's Health,http://www.couricenter.com,Michele Couri
Center for Gynecology and Cosmetics,http://www.cgcchicago.com,Sameena Rahman
"Dr. Junith Thompson, MD", ,"Jennifer Arnold, Junith M Thompson"
Partners in Pelvic Health (North Shore Urogynecology),http://partnersinpelvichealth.com,Sanjay Gandhi
Wayzata Cosmetic Surgery and Spa,http://www.wayzatacosmeticsurgery.com,Lisa Erhard
"Midlands OB/ GYN, P.C.",http://www.midlandsobgyn.com/,"Maribeth Bobeldyke, MARK W Davis"
Northwestern Medicine,http://drstreicher.nm.org/,Lauren Streicher
"Teverbaugh, Croland, Mueller and Associates ",http://www.obgynofpeoria.com,Joshua A Croland
Women and Adolescents Gynecology Center,http://www.womenandadolescentsgynecology.com,E. Barbara Grazette
Med Spa Women's Health Center / Dr. Samuel Botros,https://www.facebook.com/pages/Med-Spa-Womens-Health-Center/293098130791988,Samuel Botros
Midwest OB/GYN & Midwifery ,http://midwestobgynmidwifery.com,MARIUSZ  T KOZIOL
Siouxland Women's Health Care,http://www.siouxlandwomenshealth.com,"Kevin W Hamburger, Kathleen M LaFavor, Rena A Lohr, William N Vereen, Mary T Schneider, Danielle J Hay"
Urology Health Center, ,Ansar Khan
"Clinic of OB/GYN, Ltd",http://clinicofobgyn.com,Glenda M. Lee
North Shore Urogynecology,http://www.partnersinpelvichealth.com/,Sanjay Gandhi
Women's Healthcare of Illinois,http://www.whcillinois.com,Kenneth Finkelstein
Des Moines OB/GYN specialists PC,http://dmobgynspecialist.com,Ross J Valone
ProHealth Care,http://www.ProHealthCare.org/Urogynecology,"Katherine Stevenson, Sarit Aschkenazi"
Advanced Women's Health of Chicago,http://www.awhchicago.com,Sue B Kafali
"Cedar Rapids, OB Gyn Specialists, PC",http://www.cr-obgyn.com,"Kristin Orr, Laura Lipsett, Amy Steger, Jason Rexroth, Brandon Bourgeous, Sashi Solomon, Jessica Arp"
Independent Women's Care,https://www.facebook.com/Independent-Womens-Care-PC-461405797263340/,Mary  E Meierhenry
Mona Lisa Touch Barrington,http://MonaLisaTouchBarrington.com,Ann T Warren
"West Des Moines Ob/Gyn Associates, P.C.",http://www.wdmobgyn.com,"Julia Lange, Sarah Massey, Jennifer Booth, Rani Makkapati"
Naperville Women's Healthcare,http://www.n-wh.org,"Liana Lucaric, Patricia Tagamolila, Michele Carney, Meghan  Flannery"
Dr. Vipal K. Arora M.D. FACOG,http://www.monalisatouchmidwest.com,Vipal K. Arora
John G Christensen Jr MD FACS,http://www.ILUrology.com,John G Christensen Jr
